comparison_id	method	species	role
001	caas	Aotus_trivirgatus	FG
001	caas	Cercocebus_torquatus	FG
001	caas	Lemur_catta	FG
001	caas	Nomascus_concolor	FG
001	caas	Eulemur_rubriventer	BG
001	caas	Macaca_tonkeana	BG
001	caas	Mico_humeralifer	BG
001	caas	Trachypithecus_pileatus	BG
002	caas	Aotus_trivirgatus	FG
002	caas	Cercocebus_torquatus	FG
002	caas	Eulemur_fulvus	FG
002	caas	Lemur_catta	FG
002	caas	Alouatta_seniculus	BG
002	caas	Eulemur_rubriventer	BG
002	caas	Mico_humeralifer	BG
002	caas	Trachypithecus_pileatus	BG
003	caas	Aotus_trivirgatus	FG
003	caas	Eulemur_fulvus	FG
003	caas	Eulemur_macaco	FG
003	caas	Nomascus_concolor	FG
003	caas	Alouatta_seniculus	BG
003	caas	Macaca_thibetana	BG
003	caas	Macaca_tonkeana	BG
003	caas	Mico_humeralifer	BG
004	caas	Aotus_trivirgatus	FG
004	caas	Cercocebus_torquatus	FG
004	caas	Eulemur_macaco	FG
004	caas	Lemur_catta	FG
004	caas	Eulemur_rubriventer	BG
004	caas	Macaca_thibetana	BG
004	caas	Macaca_tonkeana	BG
004	caas	Trachypithecus_pileatus	BG
005	caas	Aotus_trivirgatus	FG
005	caas	Ateles_geoffroyi	FG
005	caas	Lemur_catta	FG
005	caas	Nomascus_concolor	FG
005	caas	Eulemur_rubriventer	BG
005	caas	Macaca_thibetana	BG
005	caas	Macaca_tonkeana	BG
005	caas	Mico_humeralifer	BG
006	caas	Aotus_trivirgatus	FG
006	caas	Ateles_geoffroyi	FG
006	caas	Eulemur_fulvus	FG
006	caas	Nomascus_concolor	FG
006	caas	Alouatta_seniculus	BG
006	caas	Eulemur_rubriventer	BG
006	caas	Macaca_tonkeana	BG
006	caas	Trachypithecus_pileatus	BG
007	caas	Aotus_trivirgatus	FG
007	caas	Cercocebus_torquatus	FG
007	caas	Eulemur_fulvus	FG
007	caas	Nomascus_concolor	FG
007	caas	Alouatta_seniculus	BG
007	caas	Eulemur_rubriventer	BG
007	caas	Macaca_thibetana	BG
007	caas	Macaca_tonkeana	BG
008	caas	Ateles_geoffroyi	FG
008	caas	Cercocebus_torquatus	FG
008	caas	Lemur_catta	FG
008	caas	Nomascus_concolor	FG
008	caas	Macaca_thibetana	BG
008	caas	Macaca_tonkeana	BG
008	caas	Mico_humeralifer	BG
008	caas	Trachypithecus_pileatus	BG
009	caas	Ateles_geoffroyi	FG
009	caas	Cercocebus_torquatus	FG
009	caas	Lemur_catta	FG
009	caas	Nomascus_concolor	FG
009	caas	Alouatta_seniculus	BG
009	caas	Eulemur_rubriventer	BG
009	caas	Macaca_thibetana	BG
009	caas	Mico_humeralifer	BG
010	caas	Cercocebus_torquatus	FG
010	caas	Eulemur_macaco	FG
010	caas	Lemur_catta	FG
010	caas	Nomascus_concolor	FG
010	caas	Alouatta_seniculus	BG
010	caas	Eulemur_rubriventer	BG
010	caas	Macaca_thibetana	BG
010	caas	Trachypithecus_pileatus	BG
011	caas	Cercocebus_torquatus	FG
011	caas	Eulemur_fulvus	FG
011	caas	Eulemur_macaco	FG
011	caas	Nomascus_concolor	FG
011	caas	Alouatta_seniculus	BG
011	caas	Eulemur_rubriventer	BG
011	caas	Macaca_thibetana	BG
011	caas	Mico_humeralifer	BG
012	caas	Aotus_trivirgatus	FG
012	caas	Ateles_geoffroyi	FG
012	caas	Eulemur_macaco	FG
012	caas	Nomascus_concolor	FG
012	caas	Alouatta_seniculus	BG
012	caas	Macaca_thibetana	BG
012	caas	Macaca_tonkeana	BG
012	caas	Trachypithecus_pileatus	BG
013	caas	Ateles_geoffroyi	FG
013	caas	Cercocebus_torquatus	FG
013	caas	Eulemur_macaco	FG
013	caas	Lemur_catta	FG
013	caas	Eulemur_rubriventer	BG
013	caas	Macaca_thibetana	BG
013	caas	Mico_humeralifer	BG
013	caas	Trachypithecus_pileatus	BG
014	caas	Aotus_trivirgatus	FG
014	caas	Cercocebus_torquatus	FG
014	caas	Lemur_catta	FG
014	caas	Nomascus_concolor	FG
014	caas	Eulemur_rubriventer	BG
014	caas	Macaca_thibetana	BG
014	caas	Macaca_tonkeana	BG
014	caas	Trachypithecus_pileatus	BG
015	caas	Aotus_trivirgatus	FG
015	caas	Ateles_geoffroyi	FG
015	caas	Eulemur_fulvus	FG
015	caas	Nomascus_concolor	FG
015	caas	Alouatta_seniculus	BG
015	caas	Eulemur_rubriventer	BG
015	caas	Macaca_thibetana	BG
015	caas	Macaca_tonkeana	BG
016	caas	Ateles_geoffroyi	FG
016	caas	Cercocebus_torquatus	FG
016	caas	Eulemur_fulvus	FG
016	caas	Eulemur_macaco	FG
016	caas	Alouatta_seniculus	BG
016	caas	Eulemur_rubriventer	BG
016	caas	Mico_humeralifer	BG
016	caas	Trachypithecus_pileatus	BG
017	caas	Aotus_trivirgatus	FG
017	caas	Ateles_geoffroyi	FG
017	caas	Lemur_catta	FG
017	caas	Nomascus_concolor	FG
017	caas	Alouatta_seniculus	BG
017	caas	Macaca_thibetana	BG
017	caas	Mico_humeralifer	BG
017	caas	Trachypithecus_pileatus	BG
018	caas	Ateles_geoffroyi	FG
018	caas	Eulemur_macaco	FG
018	caas	Lemur_catta	FG
018	caas	Nomascus_concolor	FG
018	caas	Alouatta_seniculus	BG
018	caas	Eulemur_rubriventer	BG
018	caas	Mico_humeralifer	BG
018	caas	Trachypithecus_pileatus	BG
019	caas	Aotus_trivirgatus	FG
019	caas	Cercocebus_torquatus	FG
019	caas	Eulemur_macaco	FG
019	caas	Lemur_catta	FG
019	caas	Alouatta_seniculus	BG
019	caas	Eulemur_rubriventer	BG
019	caas	Macaca_tonkeana	BG
019	caas	Mico_humeralifer	BG
020	caas	Aotus_trivirgatus	FG
020	caas	Eulemur_fulvus	FG
020	caas	Eulemur_macaco	FG
020	caas	Lemur_catta	FG
020	caas	Alouatta_seniculus	BG
020	caas	Macaca_thibetana	BG
020	caas	Mico_humeralifer	BG
020	caas	Trachypithecus_pileatus	BG
021	caas	Aotus_trivirgatus	FG
021	caas	Cercocebus_torquatus	FG
021	caas	Eulemur_fulvus	FG
021	caas	Nomascus_concolor	FG
021	caas	Alouatta_seniculus	BG
021	caas	Macaca_thibetana	BG
021	caas	Macaca_tonkeana	BG
021	caas	Mico_humeralifer	BG
022	caas	Ateles_geoffroyi	FG
022	caas	Cercocebus_torquatus	FG
022	caas	Eulemur_fulvus	FG
022	caas	Eulemur_macaco	FG
022	caas	Alouatta_seniculus	BG
022	caas	Macaca_tonkeana	BG
022	caas	Mico_humeralifer	BG
022	caas	Trachypithecus_pileatus	BG
023	caas	Aotus_trivirgatus	FG
023	caas	Eulemur_fulvus	FG
023	caas	Eulemur_macaco	FG
023	caas	Nomascus_concolor	FG
023	caas	Eulemur_rubriventer	BG
023	caas	Macaca_thibetana	BG
023	caas	Macaca_tonkeana	BG
023	caas	Mico_humeralifer	BG
024	caas	Ateles_geoffroyi	FG
024	caas	Eulemur_fulvus	FG
024	caas	Lemur_catta	FG
024	caas	Nomascus_concolor	FG
024	caas	Alouatta_seniculus	BG
024	caas	Eulemur_rubriventer	BG
024	caas	Macaca_thibetana	BG
024	caas	Mico_humeralifer	BG
025	caas	Cercocebus_torquatus	FG
025	caas	Eulemur_fulvus	FG
025	caas	Eulemur_macaco	FG
025	caas	Lemur_catta	FG
025	caas	Eulemur_rubriventer	BG
025	caas	Macaca_thibetana	BG
025	caas	Macaca_tonkeana	BG
025	caas	Mico_humeralifer	BG
026	caas	Ateles_geoffroyi	FG
026	caas	Cercocebus_torquatus	FG
026	caas	Eulemur_fulvus	FG
026	caas	Eulemur_macaco	FG
026	caas	Alouatta_seniculus	BG
026	caas	Eulemur_rubriventer	BG
026	caas	Macaca_thibetana	BG
026	caas	Trachypithecus_pileatus	BG
027	caas	Aotus_trivirgatus	FG
027	caas	Ateles_geoffroyi	FG
027	caas	Eulemur_macaco	FG
027	caas	Nomascus_concolor	FG
027	caas	Alouatta_seniculus	BG
027	caas	Eulemur_rubriventer	BG
027	caas	Macaca_thibetana	BG
027	caas	Trachypithecus_pileatus	BG
028	caas	Aotus_trivirgatus	FG
028	caas	Cercocebus_torquatus	FG
028	caas	Eulemur_fulvus	FG
028	caas	Eulemur_macaco	FG
028	caas	Alouatta_seniculus	BG
028	caas	Eulemur_rubriventer	BG
028	caas	Macaca_thibetana	BG
028	caas	Macaca_tonkeana	BG
029	caas	Aotus_trivirgatus	FG
029	caas	Ateles_geoffroyi	FG
029	caas	Lemur_catta	FG
029	caas	Nomascus_concolor	FG
029	caas	Alouatta_seniculus	BG
029	caas	Eulemur_rubriventer	BG
029	caas	Macaca_thibetana	BG
029	caas	Trachypithecus_pileatus	BG
030	caas	Ateles_geoffroyi	FG
030	caas	Eulemur_fulvus	FG
030	caas	Lemur_catta	FG
030	caas	Nomascus_concolor	FG
030	caas	Alouatta_seniculus	BG
030	caas	Macaca_thibetana	BG
030	caas	Mico_humeralifer	BG
030	caas	Trachypithecus_pileatus	BG
031	caas	Cercocebus_torquatus	FG
031	caas	Eulemur_fulvus	FG
031	caas	Lemur_catta	FG
031	caas	Nomascus_concolor	FG
031	caas	Alouatta_seniculus	BG
031	caas	Eulemur_rubriventer	BG
031	caas	Macaca_tonkeana	BG
031	caas	Mico_humeralifer	BG
032	caas	Aotus_trivirgatus	FG
032	caas	Eulemur_macaco	FG
032	caas	Lemur_catta	FG
032	caas	Nomascus_concolor	FG
032	caas	Alouatta_seniculus	BG
032	caas	Eulemur_rubriventer	BG
032	caas	Mico_humeralifer	BG
032	caas	Trachypithecus_pileatus	BG
033	caas	Ateles_geoffroyi	FG
033	caas	Eulemur_fulvus	FG
033	caas	Eulemur_macaco	FG
033	caas	Lemur_catta	FG
033	caas	Eulemur_rubriventer	BG
033	caas	Macaca_thibetana	BG
033	caas	Macaca_tonkeana	BG
033	caas	Mico_humeralifer	BG
034	caas	Aotus_trivirgatus	FG
034	caas	Ateles_geoffroyi	FG
034	caas	Eulemur_fulvus	FG
034	caas	Eulemur_macaco	FG
034	caas	Eulemur_rubriventer	BG
034	caas	Macaca_thibetana	BG
034	caas	Mico_humeralifer	BG
034	caas	Trachypithecus_pileatus	BG
035	caas	Aotus_trivirgatus	FG
035	caas	Ateles_geoffroyi	FG
035	caas	Cercocebus_torquatus	FG
035	caas	Eulemur_macaco	FG
035	caas	Alouatta_seniculus	BG
035	caas	Eulemur_rubriventer	BG
035	caas	Macaca_thibetana	BG
035	caas	Trachypithecus_pileatus	BG
036	caas	Aotus_trivirgatus	FG
036	caas	Ateles_geoffroyi	FG
036	caas	Cercocebus_torquatus	FG
036	caas	Lemur_catta	FG
036	caas	Eulemur_rubriventer	BG
036	caas	Macaca_tonkeana	BG
036	caas	Mico_humeralifer	BG
036	caas	Trachypithecus_pileatus	BG
037	caas	Ateles_geoffroyi	FG
037	caas	Eulemur_macaco	FG
037	caas	Lemur_catta	FG
037	caas	Nomascus_concolor	FG
037	caas	Alouatta_seniculus	BG
037	caas	Macaca_thibetana	BG
037	caas	Macaca_tonkeana	BG
037	caas	Mico_humeralifer	BG
038	caas	Aotus_trivirgatus	FG
038	caas	Eulemur_fulvus	FG
038	caas	Eulemur_macaco	FG
038	caas	Lemur_catta	FG
038	caas	Alouatta_seniculus	BG
038	caas	Macaca_thibetana	BG
038	caas	Macaca_tonkeana	BG
038	caas	Trachypithecus_pileatus	BG
039	caas	Aotus_trivirgatus	FG
039	caas	Ateles_geoffroyi	FG
039	caas	Cercocebus_torquatus	FG
039	caas	Eulemur_fulvus	FG
039	caas	Eulemur_rubriventer	BG
039	caas	Macaca_thibetana	BG
039	caas	Macaca_tonkeana	BG
039	caas	Mico_humeralifer	BG
040	caas	Aotus_trivirgatus	FG
040	caas	Cercocebus_torquatus	FG
040	caas	Eulemur_fulvus	FG
040	caas	Nomascus_concolor	FG
040	caas	Alouatta_seniculus	BG
040	caas	Eulemur_rubriventer	BG
040	caas	Macaca_tonkeana	BG
040	caas	Trachypithecus_pileatus	BG
041	caas	Cercocebus_torquatus	FG
041	caas	Eulemur_fulvus	FG
041	caas	Eulemur_macaco	FG
041	caas	Lemur_catta	FG
041	caas	Alouatta_seniculus	BG
041	caas	Macaca_tonkeana	BG
041	caas	Mico_humeralifer	BG
041	caas	Trachypithecus_pileatus	BG
042	caas	Aotus_trivirgatus	FG
042	caas	Cercocebus_torquatus	FG
042	caas	Eulemur_fulvus	FG
042	caas	Eulemur_macaco	FG
042	caas	Eulemur_rubriventer	BG
042	caas	Macaca_thibetana	BG
042	caas	Mico_humeralifer	BG
042	caas	Trachypithecus_pileatus	BG
043	caas	Cercocebus_torquatus	FG
043	caas	Eulemur_fulvus	FG
043	caas	Eulemur_macaco	FG
043	caas	Lemur_catta	FG
043	caas	Alouatta_seniculus	BG
043	caas	Macaca_thibetana	BG
043	caas	Macaca_tonkeana	BG
043	caas	Trachypithecus_pileatus	BG
044	caas	Ateles_geoffroyi	FG
044	caas	Cercocebus_torquatus	FG
044	caas	Eulemur_fulvus	FG
044	caas	Lemur_catta	FG
044	caas	Alouatta_seniculus	BG
044	caas	Eulemur_rubriventer	BG
044	caas	Macaca_thibetana	BG
044	caas	Macaca_tonkeana	BG
045	caas	Aotus_trivirgatus	FG
045	caas	Ateles_geoffroyi	FG
045	caas	Eulemur_macaco	FG
045	caas	Lemur_catta	FG
045	caas	Alouatta_seniculus	BG
045	caas	Macaca_thibetana	BG
045	caas	Mico_humeralifer	BG
045	caas	Trachypithecus_pileatus	BG
046	caas	Aotus_trivirgatus	FG
046	caas	Ateles_geoffroyi	FG
046	caas	Cercocebus_torquatus	FG
046	caas	Nomascus_concolor	FG
046	caas	Alouatta_seniculus	BG
046	caas	Eulemur_rubriventer	BG
046	caas	Macaca_thibetana	BG
046	caas	Mico_humeralifer	BG
047	caas	Aotus_trivirgatus	FG
047	caas	Eulemur_fulvus	FG
047	caas	Eulemur_macaco	FG
047	caas	Lemur_catta	FG
047	caas	Macaca_thibetana	BG
047	caas	Macaca_tonkeana	BG
047	caas	Mico_humeralifer	BG
047	caas	Trachypithecus_pileatus	BG
048	caas	Aotus_trivirgatus	FG
048	caas	Eulemur_fulvus	FG
048	caas	Lemur_catta	FG
048	caas	Nomascus_concolor	FG
048	caas	Eulemur_rubriventer	BG
048	caas	Macaca_thibetana	BG
048	caas	Macaca_tonkeana	BG
048	caas	Trachypithecus_pileatus	BG
049	caas	Ateles_geoffroyi	FG
049	caas	Eulemur_fulvus	FG
049	caas	Lemur_catta	FG
049	caas	Nomascus_concolor	FG
049	caas	Eulemur_rubriventer	BG
049	caas	Macaca_thibetana	BG
049	caas	Macaca_tonkeana	BG
049	caas	Mico_humeralifer	BG
050	caas	Cercocebus_torquatus	FG
050	caas	Eulemur_fulvus	FG
050	caas	Lemur_catta	FG
050	caas	Nomascus_concolor	FG
050	caas	Alouatta_seniculus	BG
050	caas	Macaca_thibetana	BG
050	caas	Macaca_tonkeana	BG
050	caas	Mico_humeralifer	BG
051	caas	Aotus_trivirgatus	FG
051	caas	Ateles_geoffroyi	FG
051	caas	Eulemur_fulvus	FG
051	caas	Nomascus_concolor	FG
051	caas	Eulemur_rubriventer	BG
051	caas	Macaca_thibetana	BG
051	caas	Macaca_tonkeana	BG
051	caas	Trachypithecus_pileatus	BG
052	caas	Ateles_geoffroyi	FG
052	caas	Eulemur_fulvus	FG
052	caas	Lemur_catta	FG
052	caas	Nomascus_concolor	FG
052	caas	Alouatta_seniculus	BG
052	caas	Macaca_thibetana	BG
052	caas	Macaca_tonkeana	BG
052	caas	Mico_humeralifer	BG
053	caas	Aotus_trivirgatus	FG
053	caas	Ateles_geoffroyi	FG
053	caas	Eulemur_fulvus	FG
053	caas	Lemur_catta	FG
053	caas	Alouatta_seniculus	BG
053	caas	Eulemur_rubriventer	BG
053	caas	Macaca_thibetana	BG
053	caas	Macaca_tonkeana	BG
054	caas	Eulemur_fulvus	FG
054	caas	Eulemur_macaco	FG
054	caas	Lemur_catta	FG
054	caas	Nomascus_concolor	FG
054	caas	Alouatta_seniculus	BG
054	caas	Eulemur_rubriventer	BG
054	caas	Macaca_thibetana	BG
054	caas	Macaca_tonkeana	BG
055	caas	Cercocebus_torquatus	FG
055	caas	Eulemur_fulvus	FG
055	caas	Eulemur_macaco	FG
055	caas	Lemur_catta	FG
055	caas	Eulemur_rubriventer	BG
055	caas	Macaca_thibetana	BG
055	caas	Mico_humeralifer	BG
055	caas	Trachypithecus_pileatus	BG
056	caas	Aotus_trivirgatus	FG
056	caas	Ateles_geoffroyi	FG
056	caas	Cercocebus_torquatus	FG
056	caas	Eulemur_macaco	FG
056	caas	Alouatta_seniculus	BG
056	caas	Eulemur_rubriventer	BG
056	caas	Macaca_tonkeana	BG
056	caas	Mico_humeralifer	BG
057	caas	Aotus_trivirgatus	FG
057	caas	Ateles_geoffroyi	FG
057	caas	Lemur_catta	FG
057	caas	Nomascus_concolor	FG
057	caas	Alouatta_seniculus	BG
057	caas	Eulemur_rubriventer	BG
057	caas	Macaca_tonkeana	BG
057	caas	Mico_humeralifer	BG
058	caas	Ateles_geoffroyi	FG
058	caas	Cercocebus_torquatus	FG
058	caas	Eulemur_macaco	FG
058	caas	Nomascus_concolor	FG
058	caas	Eulemur_rubriventer	BG
058	caas	Macaca_tonkeana	BG
058	caas	Mico_humeralifer	BG
058	caas	Trachypithecus_pileatus	BG
059	caas	Cercocebus_torquatus	FG
059	caas	Eulemur_fulvus	FG
059	caas	Lemur_catta	FG
059	caas	Nomascus_concolor	FG
059	caas	Alouatta_seniculus	BG
059	caas	Macaca_tonkeana	BG
059	caas	Mico_humeralifer	BG
059	caas	Trachypithecus_pileatus	BG
060	caas	Aotus_trivirgatus	FG
060	caas	Eulemur_fulvus	FG
060	caas	Lemur_catta	FG
060	caas	Nomascus_concolor	FG
060	caas	Alouatta_seniculus	BG
060	caas	Eulemur_rubriventer	BG
060	caas	Macaca_tonkeana	BG
060	caas	Trachypithecus_pileatus	BG
061	caas	Aotus_trivirgatus	FG
061	caas	Ateles_geoffroyi	FG
061	caas	Eulemur_fulvus	FG
061	caas	Eulemur_macaco	FG
061	caas	Alouatta_seniculus	BG
061	caas	Eulemur_rubriventer	BG
061	caas	Macaca_thibetana	BG
061	caas	Mico_humeralifer	BG
062	caas	Cercocebus_torquatus	FG
062	caas	Eulemur_fulvus	FG
062	caas	Eulemur_macaco	FG
062	caas	Nomascus_concolor	FG
062	caas	Eulemur_rubriventer	BG
062	caas	Macaca_thibetana	BG
062	caas	Macaca_tonkeana	BG
062	caas	Trachypithecus_pileatus	BG
063	caas	Ateles_geoffroyi	FG
063	caas	Cercocebus_torquatus	FG
063	caas	Eulemur_fulvus	FG
063	caas	Eulemur_macaco	FG
063	caas	Macaca_thibetana	BG
063	caas	Macaca_tonkeana	BG
063	caas	Mico_humeralifer	BG
063	caas	Trachypithecus_pileatus	BG
064	caas	Ateles_geoffroyi	FG
064	caas	Eulemur_fulvus	FG
064	caas	Eulemur_macaco	FG
064	caas	Lemur_catta	FG
064	caas	Alouatta_seniculus	BG
064	caas	Eulemur_rubriventer	BG
064	caas	Macaca_thibetana	BG
064	caas	Trachypithecus_pileatus	BG
065	caas	Ateles_geoffroyi	FG
065	caas	Cercocebus_torquatus	FG
065	caas	Lemur_catta	FG
065	caas	Nomascus_concolor	FG
065	caas	Eulemur_rubriventer	BG
065	caas	Macaca_thibetana	BG
065	caas	Macaca_tonkeana	BG
065	caas	Trachypithecus_pileatus	BG
066	caas	Aotus_trivirgatus	FG
066	caas	Ateles_geoffroyi	FG
066	caas	Lemur_catta	FG
066	caas	Nomascus_concolor	FG
066	caas	Macaca_thibetana	BG
066	caas	Macaca_tonkeana	BG
066	caas	Mico_humeralifer	BG
066	caas	Trachypithecus_pileatus	BG
067	caas	Ateles_geoffroyi	FG
067	caas	Cercocebus_torquatus	FG
067	caas	Eulemur_macaco	FG
067	caas	Nomascus_concolor	FG
067	caas	Alouatta_seniculus	BG
067	caas	Macaca_tonkeana	BG
067	caas	Mico_humeralifer	BG
067	caas	Trachypithecus_pileatus	BG
068	caas	Aotus_trivirgatus	FG
068	caas	Ateles_geoffroyi	FG
068	caas	Cercocebus_torquatus	FG
068	caas	Eulemur_fulvus	FG
068	caas	Alouatta_seniculus	BG
068	caas	Eulemur_rubriventer	BG
068	caas	Macaca_tonkeana	BG
068	caas	Mico_humeralifer	BG
069	caas	Aotus_trivirgatus	FG
069	caas	Cercocebus_torquatus	FG
069	caas	Eulemur_fulvus	FG
069	caas	Nomascus_concolor	FG
069	caas	Alouatta_seniculus	BG
069	caas	Eulemur_rubriventer	BG
069	caas	Macaca_thibetana	BG
069	caas	Mico_humeralifer	BG
070	caas	Ateles_geoffroyi	FG
070	caas	Cercocebus_torquatus	FG
070	caas	Eulemur_fulvus	FG
070	caas	Nomascus_concolor	FG
070	caas	Alouatta_seniculus	BG
070	caas	Macaca_tonkeana	BG
070	caas	Mico_humeralifer	BG
070	caas	Trachypithecus_pileatus	BG
071	caas	Aotus_trivirgatus	FG
071	caas	Cercocebus_torquatus	FG
071	caas	Eulemur_fulvus	FG
071	caas	Nomascus_concolor	FG
071	caas	Alouatta_seniculus	BG
071	caas	Eulemur_rubriventer	BG
071	caas	Macaca_thibetana	BG
071	caas	Trachypithecus_pileatus	BG
072	caas	Aotus_trivirgatus	FG
072	caas	Cercocebus_torquatus	FG
072	caas	Eulemur_macaco	FG
072	caas	Nomascus_concolor	FG
072	caas	Eulemur_rubriventer	BG
072	caas	Macaca_thibetana	BG
072	caas	Macaca_tonkeana	BG
072	caas	Trachypithecus_pileatus	BG
073	caas	Ateles_geoffroyi	FG
073	caas	Cercocebus_torquatus	FG
073	caas	Eulemur_macaco	FG
073	caas	Lemur_catta	FG
073	caas	Alouatta_seniculus	BG
073	caas	Eulemur_rubriventer	BG
073	caas	Macaca_thibetana	BG
073	caas	Trachypithecus_pileatus	BG
074	caas	Eulemur_fulvus	FG
074	caas	Eulemur_macaco	FG
074	caas	Lemur_catta	FG
074	caas	Nomascus_concolor	FG
074	caas	Alouatta_seniculus	BG
074	caas	Macaca_tonkeana	BG
074	caas	Mico_humeralifer	BG
074	caas	Trachypithecus_pileatus	BG
075	caas	Ateles_geoffroyi	FG
075	caas	Eulemur_fulvus	FG
075	caas	Eulemur_macaco	FG
075	caas	Nomascus_concolor	FG
075	caas	Alouatta_seniculus	BG
075	caas	Macaca_thibetana	BG
075	caas	Macaca_tonkeana	BG
075	caas	Mico_humeralifer	BG
076	caas	Aotus_trivirgatus	FG
076	caas	Ateles_geoffroyi	FG
076	caas	Eulemur_macaco	FG
076	caas	Nomascus_concolor	FG
076	caas	Alouatta_seniculus	BG
076	caas	Eulemur_rubriventer	BG
076	caas	Macaca_tonkeana	BG
076	caas	Trachypithecus_pileatus	BG
077	caas	Aotus_trivirgatus	FG
077	caas	Cercocebus_torquatus	FG
077	caas	Eulemur_fulvus	FG
077	caas	Eulemur_macaco	FG
077	caas	Alouatta_seniculus	BG
077	caas	Eulemur_rubriventer	BG
077	caas	Macaca_thibetana	BG
077	caas	Trachypithecus_pileatus	BG
078	caas	Ateles_geoffroyi	FG
078	caas	Cercocebus_torquatus	FG
078	caas	Eulemur_fulvus	FG
078	caas	Eulemur_macaco	FG
078	caas	Alouatta_seniculus	BG
078	caas	Eulemur_rubriventer	BG
078	caas	Macaca_tonkeana	BG
078	caas	Mico_humeralifer	BG
079	caas	Cercocebus_torquatus	FG
079	caas	Eulemur_fulvus	FG
079	caas	Lemur_catta	FG
079	caas	Nomascus_concolor	FG
079	caas	Alouatta_seniculus	BG
079	caas	Eulemur_rubriventer	BG
079	caas	Mico_humeralifer	BG
079	caas	Trachypithecus_pileatus	BG
080	caas	Cercocebus_torquatus	FG
080	caas	Eulemur_fulvus	FG
080	caas	Eulemur_macaco	FG
080	caas	Lemur_catta	FG
080	caas	Alouatta_seniculus	BG
080	caas	Macaca_thibetana	BG
080	caas	Macaca_tonkeana	BG
080	caas	Mico_humeralifer	BG
081	caas	Ateles_geoffroyi	FG
081	caas	Eulemur_fulvus	FG
081	caas	Lemur_catta	FG
081	caas	Nomascus_concolor	FG
081	caas	Eulemur_rubriventer	BG
081	caas	Macaca_tonkeana	BG
081	caas	Mico_humeralifer	BG
081	caas	Trachypithecus_pileatus	BG
082	caas	Ateles_geoffroyi	FG
082	caas	Cercocebus_torquatus	FG
082	caas	Eulemur_fulvus	FG
082	caas	Eulemur_macaco	FG
082	caas	Eulemur_rubriventer	BG
082	caas	Macaca_thibetana	BG
082	caas	Macaca_tonkeana	BG
082	caas	Mico_humeralifer	BG
083	caas	Ateles_geoffroyi	FG
083	caas	Eulemur_fulvus	FG
083	caas	Eulemur_macaco	FG
083	caas	Lemur_catta	FG
083	caas	Alouatta_seniculus	BG
083	caas	Macaca_thibetana	BG
083	caas	Macaca_tonkeana	BG
083	caas	Trachypithecus_pileatus	BG
084	caas	Aotus_trivirgatus	FG
084	caas	Cercocebus_torquatus	FG
084	caas	Eulemur_macaco	FG
084	caas	Nomascus_concolor	FG
084	caas	Alouatta_seniculus	BG
084	caas	Eulemur_rubriventer	BG
084	caas	Mico_humeralifer	BG
084	caas	Trachypithecus_pileatus	BG
085	caas	Aotus_trivirgatus	FG
085	caas	Cercocebus_torquatus	FG
085	caas	Eulemur_macaco	FG
085	caas	Nomascus_concolor	FG
085	caas	Alouatta_seniculus	BG
085	caas	Macaca_thibetana	BG
085	caas	Macaca_tonkeana	BG
085	caas	Trachypithecus_pileatus	BG
086	caas	Aotus_trivirgatus	FG
086	caas	Eulemur_fulvus	FG
086	caas	Lemur_catta	FG
086	caas	Nomascus_concolor	FG
086	caas	Alouatta_seniculus	BG
086	caas	Eulemur_rubriventer	BG
086	caas	Macaca_thibetana	BG
086	caas	Macaca_tonkeana	BG
087	caas	Aotus_trivirgatus	FG
087	caas	Eulemur_fulvus	FG
087	caas	Eulemur_macaco	FG
087	caas	Nomascus_concolor	FG
087	caas	Alouatta_seniculus	BG
087	caas	Eulemur_rubriventer	BG
087	caas	Mico_humeralifer	BG
087	caas	Trachypithecus_pileatus	BG
088	caas	Ateles_geoffroyi	FG
088	caas	Cercocebus_torquatus	FG
088	caas	Eulemur_macaco	FG
088	caas	Nomascus_concolor	FG
088	caas	Alouatta_seniculus	BG
088	caas	Macaca_thibetana	BG
088	caas	Mico_humeralifer	BG
088	caas	Trachypithecus_pileatus	BG
089	caas	Ateles_geoffroyi	FG
089	caas	Eulemur_fulvus	FG
089	caas	Eulemur_macaco	FG
089	caas	Lemur_catta	FG
089	caas	Alouatta_seniculus	BG
089	caas	Eulemur_rubriventer	BG
089	caas	Macaca_tonkeana	BG
089	caas	Mico_humeralifer	BG
090	caas	Aotus_trivirgatus	FG
090	caas	Ateles_geoffroyi	FG
090	caas	Cercocebus_torquatus	FG
090	caas	Eulemur_macaco	FG
090	caas	Alouatta_seniculus	BG
090	caas	Macaca_thibetana	BG
090	caas	Macaca_tonkeana	BG
090	caas	Trachypithecus_pileatus	BG
091	caas	Aotus_trivirgatus	FG
091	caas	Ateles_geoffroyi	FG
091	caas	Cercocebus_torquatus	FG
091	caas	Eulemur_fulvus	FG
091	caas	Alouatta_seniculus	BG
091	caas	Eulemur_rubriventer	BG
091	caas	Macaca_thibetana	BG
091	caas	Macaca_tonkeana	BG
092	caas	Cercocebus_torquatus	FG
092	caas	Eulemur_fulvus	FG
092	caas	Lemur_catta	FG
092	caas	Nomascus_concolor	FG
092	caas	Alouatta_seniculus	BG
092	caas	Eulemur_rubriventer	BG
092	caas	Macaca_thibetana	BG
092	caas	Macaca_tonkeana	BG
093	caas	Aotus_trivirgatus	FG
093	caas	Eulemur_fulvus	FG
093	caas	Lemur_catta	FG
093	caas	Nomascus_concolor	FG
093	caas	Eulemur_rubriventer	BG
093	caas	Macaca_tonkeana	BG
093	caas	Mico_humeralifer	BG
093	caas	Trachypithecus_pileatus	BG
094	caas	Aotus_trivirgatus	FG
094	caas	Cercocebus_torquatus	FG
094	caas	Eulemur_macaco	FG
094	caas	Lemur_catta	FG
094	caas	Macaca_thibetana	BG
094	caas	Macaca_tonkeana	BG
094	caas	Mico_humeralifer	BG
094	caas	Trachypithecus_pileatus	BG
095	caas	Ateles_geoffroyi	FG
095	caas	Eulemur_fulvus	FG
095	caas	Eulemur_macaco	FG
095	caas	Nomascus_concolor	FG
095	caas	Eulemur_rubriventer	BG
095	caas	Macaca_thibetana	BG
095	caas	Macaca_tonkeana	BG
095	caas	Trachypithecus_pileatus	BG
096	caas	Aotus_trivirgatus	FG
096	caas	Ateles_geoffroyi	FG
096	caas	Cercocebus_torquatus	FG
096	caas	Eulemur_macaco	FG
096	caas	Alouatta_seniculus	BG
096	caas	Eulemur_rubriventer	BG
096	caas	Macaca_thibetana	BG
096	caas	Macaca_tonkeana	BG
097	caas	Aotus_trivirgatus	FG
097	caas	Eulemur_fulvus	FG
097	caas	Eulemur_macaco	FG
097	caas	Nomascus_concolor	FG
097	caas	Alouatta_seniculus	BG
097	caas	Eulemur_rubriventer	BG
097	caas	Macaca_thibetana	BG
097	caas	Mico_humeralifer	BG
098	caas	Aotus_trivirgatus	FG
098	caas	Ateles_geoffroyi	FG
098	caas	Eulemur_fulvus	FG
098	caas	Eulemur_macaco	FG
098	caas	Eulemur_rubriventer	BG
098	caas	Macaca_thibetana	BG
098	caas	Macaca_tonkeana	BG
098	caas	Trachypithecus_pileatus	BG
099	caas	Aotus_trivirgatus	FG
099	caas	Cercocebus_torquatus	FG
099	caas	Eulemur_fulvus	FG
099	caas	Eulemur_macaco	FG
099	caas	Alouatta_seniculus	BG
099	caas	Macaca_tonkeana	BG
099	caas	Mico_humeralifer	BG
099	caas	Trachypithecus_pileatus	BG
100	caas	Ateles_geoffroyi	FG
100	caas	Cercocebus_torquatus	FG
100	caas	Eulemur_macaco	FG
100	caas	Nomascus_concolor	FG
100	caas	Alouatta_seniculus	BG
100	caas	Eulemur_rubriventer	BG
100	caas	Mico_humeralifer	BG
100	caas	Trachypithecus_pileatus	BG
001	rerconverge	Aotus_trivirgatus	FG
001	rerconverge	Eulemur_fulvus	FG
001	rerconverge	Eulemur_macaco	FG
001	rerconverge	Nomascus_concolor	FG
001	rerconverge	Alouatta_seniculus	BG
001	rerconverge	Eulemur_rubriventer	BG
001	rerconverge	Macaca_thibetana	BG
001	rerconverge	Macaca_tonkeana	BG
001	rerconverge	Mico_humeralifer	BG
001	rerconverge	Trachypithecus_pileatus	BG
002	rerconverge	Aotus_trivirgatus	FG
002	rerconverge	Eulemur_macaco	FG
002	rerconverge	Lemur_catta	FG
002	rerconverge	Nomascus_concolor	FG
002	rerconverge	Alouatta_seniculus	BG
002	rerconverge	Eulemur_rubriventer	BG
002	rerconverge	Macaca_thibetana	BG
002	rerconverge	Macaca_tonkeana	BG
002	rerconverge	Mico_humeralifer	BG
002	rerconverge	Trachypithecus_pileatus	BG
003	rerconverge	Ateles_geoffroyi	FG
003	rerconverge	Eulemur_fulvus	FG
003	rerconverge	Eulemur_macaco	FG
003	rerconverge	Nomascus_concolor	FG
003	rerconverge	Alouatta_seniculus	BG
003	rerconverge	Eulemur_rubriventer	BG
003	rerconverge	Macaca_thibetana	BG
003	rerconverge	Macaca_tonkeana	BG
003	rerconverge	Mico_humeralifer	BG
003	rerconverge	Trachypithecus_pileatus	BG
004	rerconverge	Aotus_trivirgatus	FG
004	rerconverge	Cercocebus_torquatus	FG
004	rerconverge	Eulemur_fulvus	FG
004	rerconverge	Eulemur_macaco	FG
004	rerconverge	Alouatta_seniculus	BG
004	rerconverge	Eulemur_rubriventer	BG
004	rerconverge	Macaca_thibetana	BG
004	rerconverge	Macaca_tonkeana	BG
004	rerconverge	Mico_humeralifer	BG
004	rerconverge	Trachypithecus_pileatus	BG
005	rerconverge	Aotus_trivirgatus	FG
005	rerconverge	Ateles_geoffroyi	FG
005	rerconverge	Cercocebus_torquatus	FG
005	rerconverge	Eulemur_fulvus	FG
005	rerconverge	Alouatta_seniculus	BG
005	rerconverge	Eulemur_rubriventer	BG
005	rerconverge	Macaca_thibetana	BG
005	rerconverge	Macaca_tonkeana	BG
005	rerconverge	Mico_humeralifer	BG
005	rerconverge	Trachypithecus_pileatus	BG
006	rerconverge	Aotus_trivirgatus	FG
006	rerconverge	Eulemur_fulvus	FG
006	rerconverge	Lemur_catta	FG
006	rerconverge	Nomascus_concolor	FG
006	rerconverge	Alouatta_seniculus	BG
006	rerconverge	Eulemur_rubriventer	BG
006	rerconverge	Macaca_thibetana	BG
006	rerconverge	Macaca_tonkeana	BG
006	rerconverge	Mico_humeralifer	BG
006	rerconverge	Trachypithecus_pileatus	BG
007	rerconverge	Ateles_geoffroyi	FG
007	rerconverge	Cercocebus_torquatus	FG
007	rerconverge	Eulemur_macaco	FG
007	rerconverge	Lemur_catta	FG
007	rerconverge	Alouatta_seniculus	BG
007	rerconverge	Eulemur_rubriventer	BG
007	rerconverge	Macaca_thibetana	BG
007	rerconverge	Macaca_tonkeana	BG
007	rerconverge	Mico_humeralifer	BG
007	rerconverge	Trachypithecus_pileatus	BG
008	rerconverge	Aotus_trivirgatus	FG
008	rerconverge	Ateles_geoffroyi	FG
008	rerconverge	Lemur_catta	FG
008	rerconverge	Nomascus_concolor	FG
008	rerconverge	Alouatta_seniculus	BG
008	rerconverge	Eulemur_rubriventer	BG
008	rerconverge	Macaca_thibetana	BG
008	rerconverge	Macaca_tonkeana	BG
008	rerconverge	Mico_humeralifer	BG
008	rerconverge	Trachypithecus_pileatus	BG
009	rerconverge	Aotus_trivirgatus	FG
009	rerconverge	Cercocebus_torquatus	FG
009	rerconverge	Eulemur_macaco	FG
009	rerconverge	Nomascus_concolor	FG
009	rerconverge	Alouatta_seniculus	BG
009	rerconverge	Eulemur_rubriventer	BG
009	rerconverge	Macaca_thibetana	BG
009	rerconverge	Macaca_tonkeana	BG
009	rerconverge	Mico_humeralifer	BG
009	rerconverge	Trachypithecus_pileatus	BG
010	rerconverge	Aotus_trivirgatus	FG
010	rerconverge	Ateles_geoffroyi	FG
010	rerconverge	Cercocebus_torquatus	FG
010	rerconverge	Nomascus_concolor	FG
010	rerconverge	Alouatta_seniculus	BG
010	rerconverge	Eulemur_rubriventer	BG
010	rerconverge	Macaca_thibetana	BG
010	rerconverge	Macaca_tonkeana	BG
010	rerconverge	Mico_humeralifer	BG
010	rerconverge	Trachypithecus_pileatus	BG
011	rerconverge	Ateles_geoffroyi	FG
011	rerconverge	Cercocebus_torquatus	FG
011	rerconverge	Eulemur_fulvus	FG
011	rerconverge	Lemur_catta	FG
011	rerconverge	Alouatta_seniculus	BG
011	rerconverge	Eulemur_rubriventer	BG
011	rerconverge	Macaca_thibetana	BG
011	rerconverge	Macaca_tonkeana	BG
011	rerconverge	Mico_humeralifer	BG
011	rerconverge	Trachypithecus_pileatus	BG
012	rerconverge	Aotus_trivirgatus	FG
012	rerconverge	Cercocebus_torquatus	FG
012	rerconverge	Eulemur_macaco	FG
012	rerconverge	Lemur_catta	FG
012	rerconverge	Alouatta_seniculus	BG
012	rerconverge	Eulemur_rubriventer	BG
012	rerconverge	Macaca_thibetana	BG
012	rerconverge	Macaca_tonkeana	BG
012	rerconverge	Mico_humeralifer	BG
012	rerconverge	Trachypithecus_pileatus	BG
013	rerconverge	Aotus_trivirgatus	FG
013	rerconverge	Cercocebus_torquatus	FG
013	rerconverge	Eulemur_fulvus	FG
013	rerconverge	Lemur_catta	FG
013	rerconverge	Alouatta_seniculus	BG
013	rerconverge	Eulemur_rubriventer	BG
013	rerconverge	Macaca_thibetana	BG
013	rerconverge	Macaca_tonkeana	BG
013	rerconverge	Mico_humeralifer	BG
013	rerconverge	Trachypithecus_pileatus	BG
014	rerconverge	Aotus_trivirgatus	FG
014	rerconverge	Ateles_geoffroyi	FG
014	rerconverge	Eulemur_fulvus	FG
014	rerconverge	Eulemur_macaco	FG
014	rerconverge	Alouatta_seniculus	BG
014	rerconverge	Eulemur_rubriventer	BG
014	rerconverge	Macaca_thibetana	BG
014	rerconverge	Macaca_tonkeana	BG
014	rerconverge	Mico_humeralifer	BG
014	rerconverge	Trachypithecus_pileatus	BG
015	rerconverge	Ateles_geoffroyi	FG
015	rerconverge	Cercocebus_torquatus	FG
015	rerconverge	Eulemur_fulvus	FG
015	rerconverge	Eulemur_macaco	FG
015	rerconverge	Alouatta_seniculus	BG
015	rerconverge	Eulemur_rubriventer	BG
015	rerconverge	Macaca_thibetana	BG
015	rerconverge	Macaca_tonkeana	BG
015	rerconverge	Mico_humeralifer	BG
015	rerconverge	Trachypithecus_pileatus	BG
016	rerconverge	Cercocebus_torquatus	FG
016	rerconverge	Eulemur_fulvus	FG
016	rerconverge	Eulemur_macaco	FG
016	rerconverge	Nomascus_concolor	FG
016	rerconverge	Alouatta_seniculus	BG
016	rerconverge	Eulemur_rubriventer	BG
016	rerconverge	Macaca_thibetana	BG
016	rerconverge	Macaca_tonkeana	BG
016	rerconverge	Mico_humeralifer	BG
016	rerconverge	Trachypithecus_pileatus	BG
017	rerconverge	Ateles_geoffroyi	FG
017	rerconverge	Cercocebus_torquatus	FG
017	rerconverge	Eulemur_macaco	FG
017	rerconverge	Nomascus_concolor	FG
017	rerconverge	Alouatta_seniculus	BG
017	rerconverge	Eulemur_rubriventer	BG
017	rerconverge	Macaca_thibetana	BG
017	rerconverge	Macaca_tonkeana	BG
017	rerconverge	Mico_humeralifer	BG
017	rerconverge	Trachypithecus_pileatus	BG
018	rerconverge	Cercocebus_torquatus	FG
018	rerconverge	Eulemur_fulvus	FG
018	rerconverge	Lemur_catta	FG
018	rerconverge	Nomascus_concolor	FG
018	rerconverge	Alouatta_seniculus	BG
018	rerconverge	Eulemur_rubriventer	BG
018	rerconverge	Macaca_thibetana	BG
018	rerconverge	Macaca_tonkeana	BG
018	rerconverge	Mico_humeralifer	BG
018	rerconverge	Trachypithecus_pileatus	BG
019	rerconverge	Aotus_trivirgatus	FG
019	rerconverge	Eulemur_fulvus	FG
019	rerconverge	Eulemur_macaco	FG
019	rerconverge	Lemur_catta	FG
019	rerconverge	Alouatta_seniculus	BG
019	rerconverge	Eulemur_rubriventer	BG
019	rerconverge	Macaca_thibetana	BG
019	rerconverge	Macaca_tonkeana	BG
019	rerconverge	Mico_humeralifer	BG
019	rerconverge	Trachypithecus_pileatus	BG
020	rerconverge	Aotus_trivirgatus	FG
020	rerconverge	Ateles_geoffroyi	FG
020	rerconverge	Eulemur_macaco	FG
020	rerconverge	Lemur_catta	FG
020	rerconverge	Alouatta_seniculus	BG
020	rerconverge	Eulemur_rubriventer	BG
020	rerconverge	Macaca_thibetana	BG
020	rerconverge	Macaca_tonkeana	BG
020	rerconverge	Mico_humeralifer	BG
020	rerconverge	Trachypithecus_pileatus	BG
021	rerconverge	Cercocebus_torquatus	FG
021	rerconverge	Eulemur_fulvus	FG
021	rerconverge	Eulemur_macaco	FG
021	rerconverge	Lemur_catta	FG
021	rerconverge	Alouatta_seniculus	BG
021	rerconverge	Eulemur_rubriventer	BG
021	rerconverge	Macaca_thibetana	BG
021	rerconverge	Macaca_tonkeana	BG
021	rerconverge	Mico_humeralifer	BG
021	rerconverge	Trachypithecus_pileatus	BG
022	rerconverge	Aotus_trivirgatus	FG
022	rerconverge	Ateles_geoffroyi	FG
022	rerconverge	Eulemur_macaco	FG
022	rerconverge	Nomascus_concolor	FG
022	rerconverge	Alouatta_seniculus	BG
022	rerconverge	Eulemur_rubriventer	BG
022	rerconverge	Macaca_thibetana	BG
022	rerconverge	Macaca_tonkeana	BG
022	rerconverge	Mico_humeralifer	BG
022	rerconverge	Trachypithecus_pileatus	BG
023	rerconverge	Ateles_geoffroyi	FG
023	rerconverge	Cercocebus_torquatus	FG
023	rerconverge	Eulemur_fulvus	FG
023	rerconverge	Nomascus_concolor	FG
023	rerconverge	Alouatta_seniculus	BG
023	rerconverge	Eulemur_rubriventer	BG
023	rerconverge	Macaca_thibetana	BG
023	rerconverge	Macaca_tonkeana	BG
023	rerconverge	Mico_humeralifer	BG
023	rerconverge	Trachypithecus_pileatus	BG
024	rerconverge	Ateles_geoffroyi	FG
024	rerconverge	Eulemur_macaco	FG
024	rerconverge	Lemur_catta	FG
024	rerconverge	Nomascus_concolor	FG
024	rerconverge	Alouatta_seniculus	BG
024	rerconverge	Eulemur_rubriventer	BG
024	rerconverge	Macaca_thibetana	BG
024	rerconverge	Macaca_tonkeana	BG
024	rerconverge	Mico_humeralifer	BG
024	rerconverge	Trachypithecus_pileatus	BG
025	rerconverge	Eulemur_fulvus	FG
025	rerconverge	Eulemur_macaco	FG
025	rerconverge	Lemur_catta	FG
025	rerconverge	Nomascus_concolor	FG
025	rerconverge	Alouatta_seniculus	BG
025	rerconverge	Eulemur_rubriventer	BG
025	rerconverge	Macaca_thibetana	BG
025	rerconverge	Macaca_tonkeana	BG
025	rerconverge	Mico_humeralifer	BG
025	rerconverge	Trachypithecus_pileatus	BG
026	rerconverge	Ateles_geoffroyi	FG
026	rerconverge	Cercocebus_torquatus	FG
026	rerconverge	Lemur_catta	FG
026	rerconverge	Nomascus_concolor	FG
026	rerconverge	Alouatta_seniculus	BG
026	rerconverge	Eulemur_rubriventer	BG
026	rerconverge	Macaca_thibetana	BG
026	rerconverge	Macaca_tonkeana	BG
026	rerconverge	Mico_humeralifer	BG
026	rerconverge	Trachypithecus_pileatus	BG
027	rerconverge	Aotus_trivirgatus	FG
027	rerconverge	Ateles_geoffroyi	FG
027	rerconverge	Eulemur_fulvus	FG
027	rerconverge	Nomascus_concolor	FG
027	rerconverge	Alouatta_seniculus	BG
027	rerconverge	Eulemur_rubriventer	BG
027	rerconverge	Macaca_thibetana	BG
027	rerconverge	Macaca_tonkeana	BG
027	rerconverge	Mico_humeralifer	BG
027	rerconverge	Trachypithecus_pileatus	BG
028	rerconverge	Aotus_trivirgatus	FG
028	rerconverge	Cercocebus_torquatus	FG
028	rerconverge	Lemur_catta	FG
028	rerconverge	Nomascus_concolor	FG
028	rerconverge	Alouatta_seniculus	BG
028	rerconverge	Eulemur_rubriventer	BG
028	rerconverge	Macaca_thibetana	BG
028	rerconverge	Macaca_tonkeana	BG
028	rerconverge	Mico_humeralifer	BG
028	rerconverge	Trachypithecus_pileatus	BG
029	rerconverge	Aotus_trivirgatus	FG
029	rerconverge	Cercocebus_torquatus	FG
029	rerconverge	Eulemur_fulvus	FG
029	rerconverge	Nomascus_concolor	FG
029	rerconverge	Alouatta_seniculus	BG
029	rerconverge	Eulemur_rubriventer	BG
029	rerconverge	Macaca_thibetana	BG
029	rerconverge	Macaca_tonkeana	BG
029	rerconverge	Mico_humeralifer	BG
029	rerconverge	Trachypithecus_pileatus	BG
030	rerconverge	Cercocebus_torquatus	FG
030	rerconverge	Eulemur_macaco	FG
030	rerconverge	Lemur_catta	FG
030	rerconverge	Nomascus_concolor	FG
030	rerconverge	Alouatta_seniculus	BG
030	rerconverge	Eulemur_rubriventer	BG
030	rerconverge	Macaca_thibetana	BG
030	rerconverge	Macaca_tonkeana	BG
030	rerconverge	Mico_humeralifer	BG
030	rerconverge	Trachypithecus_pileatus	BG
031	rerconverge	Aotus_trivirgatus	FG
031	rerconverge	Ateles_geoffroyi	FG
031	rerconverge	Eulemur_fulvus	FG
031	rerconverge	Lemur_catta	FG
031	rerconverge	Alouatta_seniculus	BG
031	rerconverge	Eulemur_rubriventer	BG
031	rerconverge	Macaca_thibetana	BG
031	rerconverge	Macaca_tonkeana	BG
031	rerconverge	Mico_humeralifer	BG
031	rerconverge	Trachypithecus_pileatus	BG
032	rerconverge	Aotus_trivirgatus	FG
032	rerconverge	Ateles_geoffroyi	FG
032	rerconverge	Cercocebus_torquatus	FG
032	rerconverge	Eulemur_macaco	FG
032	rerconverge	Alouatta_seniculus	BG
032	rerconverge	Eulemur_rubriventer	BG
032	rerconverge	Macaca_thibetana	BG
032	rerconverge	Macaca_tonkeana	BG
032	rerconverge	Mico_humeralifer	BG
032	rerconverge	Trachypithecus_pileatus	BG
033	rerconverge	Ateles_geoffroyi	FG
033	rerconverge	Eulemur_fulvus	FG
033	rerconverge	Lemur_catta	FG
033	rerconverge	Nomascus_concolor	FG
033	rerconverge	Alouatta_seniculus	BG
033	rerconverge	Eulemur_rubriventer	BG
033	rerconverge	Macaca_thibetana	BG
033	rerconverge	Macaca_tonkeana	BG
033	rerconverge	Mico_humeralifer	BG
033	rerconverge	Trachypithecus_pileatus	BG
034	rerconverge	Aotus_trivirgatus	FG
034	rerconverge	Ateles_geoffroyi	FG
034	rerconverge	Cercocebus_torquatus	FG
034	rerconverge	Lemur_catta	FG
034	rerconverge	Alouatta_seniculus	BG
034	rerconverge	Eulemur_rubriventer	BG
034	rerconverge	Macaca_thibetana	BG
034	rerconverge	Macaca_tonkeana	BG
034	rerconverge	Mico_humeralifer	BG
034	rerconverge	Trachypithecus_pileatus	BG
035	rerconverge	Ateles_geoffroyi	FG
035	rerconverge	Eulemur_fulvus	FG
035	rerconverge	Eulemur_macaco	FG
035	rerconverge	Lemur_catta	FG
035	rerconverge	Alouatta_seniculus	BG
035	rerconverge	Eulemur_rubriventer	BG
035	rerconverge	Macaca_thibetana	BG
035	rerconverge	Macaca_tonkeana	BG
035	rerconverge	Mico_humeralifer	BG
035	rerconverge	Trachypithecus_pileatus	BG
