species	FQ	rank	Status	species_label
Cebus_olivaceus	0.595504427526087	1	BG	Cebus olivaceus
Cercopithecus_cephus	0.612454345104642	2	BG	Cercopithecus cephus
Ateles_belzebuth	0.616242632402019	3	BG	Ateles belzebuth
Ateles_paniscus	0.622399172430536	4	BG	Ateles paniscus
Ateles_geoffroyi	0.623005420217414	5	BG	Ateles geoffroyi
Pongo_pygmaeus	0.683350953544928	6	BG	Pongo pygmaeus
Saimiri_sciureus	0.796943276627924	7	BG	Saimiri sciureus
Semnopithecus_vetulus	0.813603311946458	8	Unselected	Semnopithecus vetulus
Trachypithecus_obscurus	0.86210113972767	9	Unselected	Trachypithecus obscurus
Macaca_maura	0.895291166231128	10	Unselected	Macaca maura
Alouatta_palliata	0.89799390069244	11	Unselected	Alouatta palliata
Aotus_azarae	0.954397764348578	12	Unselected	Aotus azarae
Leontocebus_fuscicolis	1.40003991000336	13	FG	Leontocebus fuscicolis
Galago_senegalensis	1.40020089767749	14	FG	Galago senegalensis
Trachypithecus_phayrei	1.41068854067521	15	FG	Trachypithecus phayrei
Callimico_goeldii	1.46631070974419	16	FG	Callimico goeldii
Cercopithecus_diana	1.50264460382386	17	FG	Cercopithecus diana
