file	lq_sha256	fq_sha256	identical
.gitignore	01517f520259d046ab7f263294306039b98fb125f68b196065f55c7da3e04cfc	01517f520259d046ab7f263294306039b98fb125f68b196065f55c7da3e04cfc	true
bin/caastools/README.md	88f87756ac3bdf715baf38725cd5e06e590c7b90f7f0be33883b1130879cd50f	88f87756ac3bdf715baf38725cd5e06e590c7b90f7f0be33883b1130879cd50f	true
bin/caastools/ct	a665dc1f3128c2c14bca5861ebb9050159ca86ecf0c557bedf535f143c7ed971	a665dc1f3128c2c14bca5861ebb9050159ca86ecf0c557bedf535f143c7ed971	true
bin/caastools/license.txt	acceb79b03b7d4ffdf15a32c2d1594d665de7ba5b7ff33daf1c72200a59a8b7d	acceb79b03b7d4ffdf15a32c2d1594d665de7ba5b7ff33daf1c72200a59a8b7d	true
bin/caastools/modules/__init__.py	e3b0c44298fc1c149afbf4c8996fb92427ae41e4649b934ca495991b7852b855	e3b0c44298fc1c149afbf4c8996fb92427ae41e4649b934ca495991b7852b855	true
bin/caastools/modules/alimport.py	580f188e28cce92fa7f46ba19f7b09c8a12fdfbfea3178def46faacf1c58a0e2	580f188e28cce92fa7f46ba19f7b09c8a12fdfbfea3178def46faacf1c58a0e2	true
bin/caastools/modules/boot.py	c9c97f4aacc7cde1bdd784654f19d210291417722fe0174529eb7d12f5ce4fba	c9c97f4aacc7cde1bdd784654f19d210291417722fe0174529eb7d12f5ce4fba	true
bin/caastools/modules/bootstrap_events.py	277f122d4031095bc317c3e54b5edd41ee8eaf6ce7de1b1c4f00df8a24146e2b	277f122d4031095bc317c3e54b5edd41ee8eaf6ce7de1b1c4f00df8a24146e2b	true
bin/caastools/modules/caas_id.py	7cde3d56b88f8288b096a9a8e2d170fd3639f519a05ec4378babf5e868f66de2	7cde3d56b88f8288b096a9a8e2d170fd3639f519a05ec4378babf5e868f66de2	true
bin/caastools/modules/deps.py	3a55acb61e1e391a5cbecdf4266cfe04993c851a6f1ab220cfc7a69e32b10f22	3a55acb61e1e391a5cbecdf4266cfe04993c851a6f1ab220cfc7a69e32b10f22	true
bin/caastools/modules/disco.py	ae1b0b2370b3138410a9d2e7c44c9d73f2ea2d810c77db4c66a9de8bc7643de0	ae1b0b2370b3138410a9d2e7c44c9d73f2ea2d810c77db4c66a9de8bc7643de0	true
bin/caastools/modules/hyper.py	45eba48f04ea38f892701aaa63957113a4ee99b14294cf0d7876fa18af11f454	45eba48f04ea38f892701aaa63957113a4ee99b14294cf0d7876fa18af11f454	true
bin/caastools/modules/init_bootstrap.py	cd2a7e70f006c82dbee10071ce03dc084080338cae1e605b38b1bf368b097495	cd2a7e70f006c82dbee10071ce03dc084080338cae1e605b38b1bf368b097495	true
bin/caastools/modules/pindex.py	91035e3a04b12541973137b7c7b479a69ecfaeb0c20ecd6680476abac02d143d	91035e3a04b12541973137b7c7b479a69ecfaeb0c20ecd6680476abac02d143d	true
bin/caastools/modules/runslice.py	7523c5df651f4707bb40b9105df5d88ca3583d7bce682ff5fde22aee7747ddb6	7523c5df651f4707bb40b9105df5d88ca3583d7bce682ff5fde22aee7747ddb6	true
bin/caastools/permulations.r	1ceb1fa919ea140f9a69d3c3e2a7a7118b6544724664b50884e89722a0aba9dd	1ceb1fa919ea140f9a69d3c3e2a7a7118b6544724664b50884e89722a0aba9dd	true
bin/caastools/scripts/permulations.r	37e5ab6e3e9a3a0b25b945605141662b21650acdbd17efd752cbac32fae9da89	37e5ab6e3e9a3a0b25b945605141662b21650acdbd17efd752cbac32fae9da89	true
bin/caastools/test/test_bootstrap_events.py	f704efc4985be6ca7969af2d793c5df66a234dd2868c254190ae6667b7032381	f704efc4985be6ca7969af2d793c5df66a234dd2868c254190ae6667b7032381	true
bin/caastools/test/test_filter_significant.py	be6c78992681a8c858baca19a844c8673efe0c0b772e419e5f70a1623f7241e1	be6c78992681a8c858baca19a844c8673efe0c0b772e419e5f70a1623f7241e1	true
bin/caastools/test/test_min_observed_species.py	c30b781bce54ca2713db5b3a22b3b4431aa7028f2e3500ca03f591419a07d76f	c30b781bce54ca2713db5b3a22b3b4431aa7028f2e3500ca03f591419a07d76f	true
bin/caastools/test/test_pooled_discovery.py	698db7ad81dc1a2c04359ec7266e331a9b4839f7660579047e5de09a8d537d84	698db7ad81dc1a2c04359ec7266e331a9b4839f7660579047e5de09a8d537d84	true
conf/cluster.config	fe759dae41772733957bf3a0ae397b84f26a10369f1a5607c914815982d9f6cf	5518428f01c735dfaa77f87e3d913bc140db04f5e32fa433f3753d77bc4e8b9b	false
create_conda_environment.sh	58796715c649fe6ef8eb93ff7e30e661a54d941c07d2afe80e1ba0807143282f	58796715c649fe6ef8eb93ff7e30e661a54d941c07d2afe80e1ba0807143282f	true
environment.yml	f34ea7dbb30c57008aec0d9f16319f5c4f1a3f9942fb9f5ea78d21be8a077d03	f34ea7dbb30c57008aec0d9f16319f5c4f1a3f9942fb9f5ea78d21be8a077d03	true
logs/.gitkeep	57aa86a570433ccf05a0eafdb0151b6029b4f2938750e3197ad4fc03488b8917	57aa86a570433ccf05a0eafdb0151b6029b4f2938750e3197ad4fc03488b8917	true
main.nf	22c4853ed3983de924e7c61dfe7730a6d593d62c76cd7eead109a97fe7e5d5d5	83cd4ba7e63613f78983085c9c910a8e9ed90c4fec2dd00109bf8df5eaa10a2c	false
nextflow.config	3b65f8b57aa57848ebc6321d98d081e9298647822ff1681667110bf38f81134a	ac2db753388b81014a37cfefcf364ac0324a0b2ce67f68a3855f6f8bfcd583d1	false
run_pipeline.sh	9447f9c631280977785ca66f85433c85881e4e2d637c76251e35c4fdd7371b1c	9447f9c631280977785ca66f85433c85881e4e2d637c76251e35c4fdd7371b1c	true
scripts/prepare_pooled_hypotheses.py	087183a21d965991fd6c0e768d583c8cdeaa4924986a6b8464a53157265a221e	087183a21d965991fd6c0e768d583c8cdeaa4924986a6b8464a53157265a221e	true
submit_pipeline_slurm.sh	55a878c4f54d0b76f3f8107adc00d1e017d2a9895599c2f08ee7602c1bddfd02	7a6640be7ca0dce4cd1dd6b1adf5325713eadbe5eb7a92dfaa1757e93b4f746b	false
