accepted_tree_tip	original_species_name	superfamily	family	MLS_years	body_mass_g	expected_MLS_years	LQ_mammal	log_LQ_mammal	MLS_trait_id	MLS_source	MLS_source_link	mass_trait_id	mass_source	mass_source_link	taxonomic_mapping_status	genome_samples	genome_available
Allenopithecus_nigroviridis	Allenopithecus_nigroviridis	OWM	Cercopithecidae	27	5300	32.7184273049	0.825223038638	-0.192101579322	PTD00065	"VanShaik et al. 2012/Isler	 K; van Schaik	 C P (2012)/AnAge DB"	https://www.zora.uzh.ch/id/eprint/71056/ / https://www.sciencedirect.com/science/article/abs/pii/S0047248412000577	PTD00014	Galán-Acedo et al. 2019	https://www.nature.com/articles/s41597-019-0059-9	exact_tree_tip_match	2	True
Allochrocebus_lhoesti	Allochrocebus_lhoesti	OWM	Cercopithecidae	24.1	5500	32.9482861413	0.731449274681	-0.312727405177	PTD00065	"VanShaik et al. 2012/Isler	 K; van Schaik	 C P (2012)/AnAge DB"	https://www.zora.uzh.ch/id/eprint/71056/ / https://www.sciencedirect.com/science/article/abs/pii/S0047248412000577	PTD00014	Galán-Acedo et al. 2019	https://www.nature.com/articles/s41597-019-0059-9	exact_tree_tip_match	2	True
Allochrocebus_preussi	Allochrocebus_preussi	OWM	Cercopithecidae	26	4525	31.7552980242	0.81876101368	-0.199963040301	PTD00065	"VanShaik et al. 2012/Isler	 K; van Schaik	 C P (2012)/AnAge DB"	https://www.zora.uzh.ch/id/eprint/71056/ / https://www.sciencedirect.com/science/article/abs/pii/S0047248412000577	PTD00014	Galán-Acedo et al. 2019	https://www.nature.com/articles/s41597-019-0059-9	exact_tree_tip_match	1	True
Alouatta_caraya	Alouatta_caraya	PLA	Atelidae	32.4	5380	32.8112012613	0.987467656	-0.012611536161	PTD00065	"VanShaik et al. 2012/Isler	 K; van Schaik	 C P (2012)/AnAge DB"	https://www.zora.uzh.ch/id/eprint/71056/ / https://www.sciencedirect.com/science/article/abs/pii/S0047248412000577	PTD00014	Galán-Acedo et al. 2019	https://www.nature.com/articles/s41597-019-0059-9	exact_tree_tip_match	4	True
Alouatta_palliata	Alouatta_palliata	PLA	Atelidae	24	6120	33.6202005272	0.713856539332	-0.337073262136	PTD00065	"VanShaik et al. 2012/Isler	 K; van Schaik	 C P (2012)/AnAge DB"	https://www.zora.uzh.ch/id/eprint/71056/ / https://www.sciencedirect.com/science/article/abs/pii/S0047248412000577	PTD00014	Galán-Acedo et al. 2019	https://www.nature.com/articles/s41597-019-0059-9	exact_tree_tip_match	1	True
Alouatta_seniculus	Alouatta_seniculus	PLA	Atelidae	25	6010	33.5051491743	0.746153967855	-0.292823308848	PTD00065	"VanShaik et al. 2012/Isler	 K; van Schaik	 C P (2012)/AnAge DB"	https://www.zora.uzh.ch/id/eprint/71056/ / https://www.sciencedirect.com/science/article/abs/pii/S0047248412000577	PTD00014	Galán-Acedo et al. 2019	https://www.nature.com/articles/s41597-019-0059-9	exact_tree_tip_match	38	True
Aotus_azarae	Aotus_azarae	PLA	Aotidae	21.2	1210	24.7486045153	0.856613955218	-0.154767922529	PTD00065	"VanShaik et al. 2012/Isler	 K; van Schaik	 C P (2012)/AnAge DB"	https://www.zora.uzh.ch/id/eprint/71056/ / https://www.sciencedirect.com/science/article/abs/pii/S0047248412000577	PTD00014	Galán-Acedo et al. 2019	https://www.nature.com/articles/s41597-019-0059-9	exact_tree_tip_match	14	True
Aotus_lemurinus	Aotus_lemurinus	PLA	Aotidae	33.8	890	23.352801721	1.44736380687	0.369743837521	PTD00065	"VanShaik et al. 2012/Isler	 K; van Schaik	 C P (2012)/AnAge DB"	https://www.zora.uzh.ch/id/eprint/71056/ / https://www.sciencedirect.com/science/article/abs/pii/S0047248412000577	PTD00014	Galán-Acedo et al. 2019	https://www.nature.com/articles/s41597-019-0059-9	not_in_tree_exactly	4	True
Aotus_trivirgatus	Aotus_trivirgatus	PLA	Aotidae	30.1	770	22.7222339849	1.32469369077	0.281181255936	PTD00065	"VanShaik et al. 2012/Isler	 K; van Schaik	 C P (2012)/AnAge DB"	https://www.zora.uzh.ch/id/eprint/71056/ / https://www.sciencedirect.com/science/article/abs/pii/S0047248412000577	PTD00014	Galán-Acedo et al. 2019	https://www.nature.com/articles/s41597-019-0059-9	exact_tree_tip_match	1	True
Aotus_vociferans	Aotus_vociferans	PLA	Aotidae	22.1	700	22.3165887452	0.990294719876	-0.00975268331231	PTD00065	"VanShaik et al. 2012/Isler	 K; van Schaik	 C P (2012)/AnAge DB"	https://www.zora.uzh.ch/id/eprint/71056/ / https://www.sciencedirect.com/science/article/abs/pii/S0047248412000577	PTD00014	Galán-Acedo et al. 2019	https://www.nature.com/articles/s41597-019-0059-9	exact_tree_tip_match	5	True
Arctocebus_calabarensis	Arctocebus_calabarensis	STR	Lorisidae	13	310	19.1324964229	0.679472229481	-0.386438915275	PTD00065	"VanShaik et al. 2012/Isler	 K; van Schaik	 C P (2012)/AnAge DB"	https://www.zora.uzh.ch/id/eprint/71056/ / https://www.sciencedirect.com/science/article/abs/pii/S0047248412000577	PTD00014	Galán-Acedo et al. 2019	https://www.nature.com/articles/s41597-019-0059-9	exact_tree_tip_match	1	True
Ateles_belzebuth	Ateles_belzebuth	PLA	Atelidae	35.2	8070	35.424471421	0.993663379806	-0.00635678178765	PTD00065	"VanShaik et al. 2012/Isler	 K; van Schaik	 C P (2012)/AnAge DB"	https://www.zora.uzh.ch/id/eprint/71056/ / https://www.sciencedirect.com/science/article/abs/pii/S0047248412000577	PTD00014	Galán-Acedo et al. 2019	https://www.nature.com/articles/s41597-019-0059-9	exact_tree_tip_match	5	True
Ateles_chamek	Ateles_chamek	PLA	Atelidae	42.8	9370	36.438715842	1.17457487211	0.160906271156	PTD00065	"VanShaik et al. 2012/Isler	 K; van Schaik	 C P (2012)/AnAge DB"	https://www.zora.uzh.ch/id/eprint/71056/ / https://www.sciencedirect.com/science/article/abs/pii/S0047248412000577	PTD00014	Galán-Acedo et al. 2019	https://www.nature.com/articles/s41597-019-0059-9	exact_tree_tip_match	42	True
Ateles_fusciceps	Ateles_fusciceps	PLA	Atelidae	46	9030	36.1850573665	1.27124297563	0.239995142805	PTD00065	"VanShaik et al. 2012/Isler	 K; van Schaik	 C P (2012)/AnAge DB"	https://www.zora.uzh.ch/id/eprint/71056/ / https://www.sciencedirect.com/science/article/abs/pii/S0047248412000577	PTD00014	Galán-Acedo et al. 2019	https://www.nature.com/articles/s41597-019-0059-9	not_in_tree_exactly	30	True
Ateles_geoffroyi	Ateles_geoffroyi	PLA	Atelidae	47.1	7540	34.9725633099	1.34677002605	0.29770915238	PTD00065	"VanShaik et al. 2012/Isler	 K; van Schaik	 C P (2012)/AnAge DB"	https://www.zora.uzh.ch/id/eprint/71056/ / https://www.sciencedirect.com/science/article/abs/pii/S0047248412000577	PTD00014	Galán-Acedo et al. 2019	https://www.nature.com/articles/s41597-019-0059-9	exact_tree_tip_match	1	True
Ateles_marginatus	Ateles_marginatus	PLA	Atelidae	44	6960	34.4474776438	1.2773068744	0.244753857026	PTD00065	"VanShaik et al. 2012/Isler	 K; van Schaik	 C P (2012)/AnAge DB"	https://www.zora.uzh.ch/id/eprint/71056/ / https://www.sciencedirect.com/science/article/abs/pii/S0047248412000577	PTD00014	Galán-Acedo et al. 2019	https://www.nature.com/articles/s41597-019-0059-9	exact_tree_tip_match	1	True
Ateles_paniscus	Ateles_paniscus	PLA	Atelidae	46	8280	35.5968865391	1.29224784728	0.256383219222	PTD00065	"VanShaik et al. 2012/Isler	 K; van Schaik	 C P (2012)/AnAge DB"	https://www.zora.uzh.ch/id/eprint/71056/ / https://www.sciencedirect.com/science/article/abs/pii/S0047248412000577	PTD00014	Galán-Acedo et al. 2019	https://www.nature.com/articles/s41597-019-0059-9	exact_tree_tip_match	3	True
Brachyteles_arachnoides	Brachyteles_arachnoides	PLA	Atelidae	40	8840	36.0399150606	1.10988052921	0.104252378187	PTD00065	"VanShaik et al. 2012/Isler	 K; van Schaik	 C P (2012)/AnAge DB"	https://www.zora.uzh.ch/id/eprint/71056/ / https://www.sciencedirect.com/science/article/abs/pii/S0047248412000577	PTD00014	Galán-Acedo et al. 2019	https://www.nature.com/articles/s41597-019-0059-9	not_in_tree_exactly	0	False
Cacajao_calvus	Cacajao_calvus	PLA	Pitheciidae	35.8	3170	29.6896092102	1.20580906763	0.187150767055	PTD00065	"VanShaik et al. 2012/Isler	 K; van Schaik	 C P (2012)/AnAge DB"	https://www.zora.uzh.ch/id/eprint/71056/ / https://www.sciencedirect.com/science/article/abs/pii/S0047248412000577	PTD00014	Galán-Acedo et al. 2019	https://www.nature.com/articles/s41597-019-0059-9	exact_tree_tip_match	20	True
Callimico_goeldii	Callimico_goeldii	PLA	Callitrichidae	22.2	480	20.7806378826	1.06830214382	0.066070606728	PTD00065	"VanShaik et al. 2012/Isler	 K; van Schaik	 C P (2012)/AnAge DB"	https://www.zora.uzh.ch/id/eprint/71056/ / https://www.sciencedirect.com/science/article/abs/pii/S0047248412000577	PTD00014	Galán-Acedo et al. 2019	https://www.nature.com/articles/s41597-019-0059-9	exact_tree_tip_match	2	True
Callithrix_geoffroyi	Callithrix_geoffroyi	PLA	Callitrichidae	17.6	240	18.229057102	0.965491517283	-0.0351179629803	PTD00065	"VanShaik et al. 2012/Isler	 K; van Schaik	 C P (2012)/AnAge DB"	https://www.zora.uzh.ch/id/eprint/71056/ / https://www.sciencedirect.com/science/article/abs/pii/S0047248412000577	PTD00014	Galán-Acedo et al. 2019	https://www.nature.com/articles/s41597-019-0059-9	exact_tree_tip_match	2	True
Callithrix_jacchus	Callithrix_jacchus	PLA	Callitrichidae	22.8	320	19.2476461766	1.18456042837	0.169371759243	PTD00065	"VanShaik et al. 2012/Isler	 K; van Schaik	 C P (2012)/AnAge DB"	https://www.zora.uzh.ch/id/eprint/71056/ / https://www.sciencedirect.com/science/article/abs/pii/S0047248412000577	PTD00014	Galán-Acedo et al. 2019	https://www.nature.com/articles/s41597-019-0059-9	exact_tree_tip_match	6	True
Callithrix_kuhlii	Callithrix_kuhlii	PLA	Callitrichidae	20	380	19.8830672047	1.005881024	0.00586379827702	PTD00065	"VanShaik et al. 2012/Isler	 K; van Schaik	 C P (2012)/AnAge DB"	https://www.zora.uzh.ch/id/eprint/71056/ / https://www.sciencedirect.com/science/article/abs/pii/S0047248412000577	PTD00014	Galán-Acedo et al. 2019	https://www.nature.com/articles/s41597-019-0059-9	exact_tree_tip_match	1	True
Callithrix_penicillata	Callithrix_penicillata	PLA	Callitrichidae	15.4	330	19.3599136228	0.795458094496	-0.228837110786	PTD00065	"VanShaik et al. 2012/Isler	 K; van Schaik	 C P (2012)/AnAge DB"	https://www.zora.uzh.ch/id/eprint/71056/ / https://www.sciencedirect.com/science/article/abs/pii/S0047248412000577	PTD00014	Galán-Acedo et al. 2019	https://www.nature.com/articles/s41597-019-0059-9	not_in_tree_exactly	0	False
Carlito_syrichta	Carlito_syrichta	TAR	Tarsiidae	16	130	16.2345245503	0.98555396251	-0.0145513974091	PTD00065	"VanShaik et al. 2012/Isler	 K; van Schaik	 C P (2012)/AnAge DB"	https://www.zora.uzh.ch/id/eprint/71056/ / https://www.sciencedirect.com/science/article/abs/pii/S0047248412000577	PTD00014	Galán-Acedo et al. 2019	https://www.nature.com/articles/s41597-019-0059-9	exact_tree_tip_match	5	True
Cebuella_pygmaea	Cebuella_pygmaea	PLA	Callitrichidae	18.6	120	15.9907758705	1.16317057726	0.151149532821	PTD00065	"VanShaik et al. 2012/Isler	 K; van Schaik	 C P (2012)/AnAge DB"	https://www.zora.uzh.ch/id/eprint/71056/ / https://www.sciencedirect.com/science/article/abs/pii/S0047248412000577	PTD00014	Galán-Acedo et al. 2019	https://www.nature.com/articles/s41597-019-0059-9	exact_tree_tip_match	7	True
Cebus_albifrons	Cebus_albifrons	PLA	Cebidae	40.4	2740	28.88278963	1.39875685547	0.335583881771	PTD00065	"VanShaik et al. 2012/Isler	 K; van Schaik	 C P (2012)/AnAge DB"	https://www.zora.uzh.ch/id/eprint/71056/ / https://www.sciencedirect.com/science/article/abs/pii/S0047248412000577	PTD00014	Galán-Acedo et al. 2019	https://www.nature.com/articles/s41597-019-0059-9	exact_tree_tip_match	15	True
Cebus_capucinus	Cebus_capucinus	PLA	Cebidae	54	3110	29.5825763589	1.82539882074	0.601798495074	PTD00065	"VanShaik et al. 2012/Isler	 K; van Schaik	 C P (2012)/AnAge DB"	https://www.zora.uzh.ch/id/eprint/71056/ / https://www.sciencedirect.com/science/article/abs/pii/S0047248412000577	PTD00014	Galán-Acedo et al. 2019	https://www.nature.com/articles/s41597-019-0059-9	not_in_tree_exactly	0	False
Cebus_olivaceus	Cebus_olivaceus	PLA	Cebidae	47	2880	29.156101997	1.61201247014	0.477483379876	PTD00065	"VanShaik et al. 2012/Isler	 K; van Schaik	 C P (2012)/AnAge DB"	https://www.zora.uzh.ch/id/eprint/71056/ / https://www.sciencedirect.com/science/article/abs/pii/S0047248412000577	PTD00014	Galán-Acedo et al. 2019	https://www.nature.com/articles/s41597-019-0059-9	exact_tree_tip_match	4	True
Cercocebus_agilis	Cercocebus_agilis	OWM	Cercopithecidae	31	7580	35.0075534469	0.885523178504	-0.12157664649	PTD00065	"VanShaik et al. 2012/Isler	 K; van Schaik	 C P (2012)/AnAge DB"	https://www.zora.uzh.ch/id/eprint/71056/ / https://www.sciencedirect.com/science/article/abs/pii/S0047248412000577	PTD00014	Galán-Acedo et al. 2019	https://www.nature.com/articles/s41597-019-0059-9	not_in_tree_exactly	0	False
Cercocebus_atys	Cercocebus_atys	OWM	Cercopithecidae	32.5	8600	35.8529163588	0.906481349377	-0.0981848233208	PTD00065	"VanShaik et al. 2012/Isler	 K; van Schaik	 C P (2012)/AnAge DB"	https://www.zora.uzh.ch/id/eprint/71056/ / https://www.sciencedirect.com/science/article/abs/pii/S0047248412000577	PTD00014	Galán-Acedo et al. 2019	https://www.nature.com/articles/s41597-019-0059-9	not_in_tree_exactly	17	True
Cercocebus_torquatus	Cercocebus_torquatus	OWM	Cercopithecidae	46	7500	34.9374223063	1.31663977945	0.275082869366	PTD00065	"VanShaik et al. 2012/Isler	 K; van Schaik	 C P (2012)/AnAge DB"	https://www.zora.uzh.ch/id/eprint/71056/ / https://www.sciencedirect.com/science/article/abs/pii/S0047248412000577	PTD00014	Galán-Acedo et al. 2019	https://www.nature.com/articles/s41597-019-0059-9	exact_tree_tip_match	2	True
Cercopithecus_ascanius	Cercopithecus_ascanius	OWM	Cercopithecidae	31.2	3240	29.8124238865	1.0465435524	0.045492879242	PTD00065	"VanShaik et al. 2012/Isler	 K; van Schaik	 C P (2012)/AnAge DB"	https://www.zora.uzh.ch/id/eprint/71056/ / https://www.sciencedirect.com/science/article/abs/pii/S0047248412000577	PTD00014	Galán-Acedo et al. 2019	https://www.nature.com/articles/s41597-019-0059-9	exact_tree_tip_match	4	True
Cercopithecus_campbelli	Cercopithecus_campbelli	OWM	Cercopithecidae	30	3600	30.4120330173	0.986451645075	-0.0136409713706	PTD00065	"VanShaik et al. 2012/Isler	 K; van Schaik	 C P (2012)/AnAge DB"	https://www.zora.uzh.ch/id/eprint/71056/ / https://www.sciencedirect.com/science/article/abs/pii/S0047248412000577	PTD00014	Galán-Acedo et al. 2019	https://www.nature.com/articles/s41597-019-0059-9	not_in_tree_exactly	30	True
Cercopithecus_cephus	Cercopithecus_cephus	OWM	Cercopithecidae	36	3480	30.2177941088	1.1913510255	0.17508797869	PTD00065	"VanShaik et al. 2012/Isler	 K; van Schaik	 C P (2012)/AnAge DB"	https://www.zora.uzh.ch/id/eprint/71056/ / https://www.sciencedirect.com/science/article/abs/pii/S0047248412000577	PTD00014	Galán-Acedo et al. 2019	https://www.nature.com/articles/s41597-019-0059-9	exact_tree_tip_match	3	True
Cercopithecus_diana	Cercopithecus_diana	OWM	Cercopithecidae	35.1	4500	31.7220646416	1.10648535638	0.101188646241	PTD00065	"VanShaik et al. 2012/Isler	 K; van Schaik	 C P (2012)/AnAge DB"	https://www.zora.uzh.ch/id/eprint/71056/ / https://www.sciencedirect.com/science/article/abs/pii/S0047248412000577	PTD00014	Galán-Acedo et al. 2019	https://www.nature.com/articles/s41597-019-0059-9	exact_tree_tip_match	2	True
Cercopithecus_erythrogaster	Cercopithecus_erythrogaster	OWM	Cercopithecidae	24	3500	30.2505406573	0.793374249799	-0.231460226938	PTD00065	"VanShaik et al. 2012/Isler	 K; van Schaik	 C P (2012)/AnAge DB"	https://www.zora.uzh.ch/id/eprint/71056/ / https://www.sciencedirect.com/science/article/abs/pii/S0047248412000577	PTD00014	Galán-Acedo et al. 2019	https://www.nature.com/articles/s41597-019-0059-9	not_in_tree_exactly	0	False
Cercopithecus_hamlyni	Cercopithecus_hamlyni	OWM	Cercopithecidae	28.6	4430	31.6282079048	0.904256102215	-0.100642659801	PTD00065	"VanShaik et al. 2012/Isler	 K; van Schaik	 C P (2012)/AnAge DB"	https://www.zora.uzh.ch/id/eprint/71056/ / https://www.sciencedirect.com/science/article/abs/pii/S0047248412000577	PTD00014	Galán-Acedo et al. 2019	https://www.nature.com/articles/s41597-019-0059-9	exact_tree_tip_match	1	True
Cercopithecus_lowei	Cercopithecus_lowei	OWM	Cercopithecidae	30	3900	30.8756060771	0.971640845692	-0.0287690431209	PTD00065	"VanShaik et al. 2012/Isler	 K; van Schaik	 C P (2012)/AnAge DB"	https://www.zora.uzh.ch/id/eprint/71056/ / https://www.sciencedirect.com/science/article/abs/pii/S0047248412000577	PTD00014	Galán-Acedo et al. 2019	https://www.nature.com/articles/s41597-019-0059-9	exact_tree_tip_match	1	True
Cercopithecus_mitis	Cercopithecus_mitis	OWM	Cercopithecidae	37.8	4890	32.224312093	1.173027368	0.159587901026	PTD00065	"VanShaik et al. 2012/Isler	 K; van Schaik	 C P (2012)/AnAge DB"	https://www.zora.uzh.ch/id/eprint/71056/ / https://www.sciencedirect.com/science/article/abs/pii/S0047248412000577	PTD00014	Galán-Acedo et al. 2019	https://www.nature.com/articles/s41597-019-0059-9	exact_tree_tip_match	9	True
Cercopithecus_mona	Cercopithecus_mona	OWM	Cercopithecidae	30	4050	31.0966266909	0.964734866524	-0.0359019651097	PTD00065	"VanShaik et al. 2012/Isler	 K; van Schaik	 C P (2012)/AnAge DB"	https://www.zora.uzh.ch/id/eprint/71056/ / https://www.sciencedirect.com/science/article/abs/pii/S0047248412000577	PTD00014	Galán-Acedo et al. 2019	https://www.nature.com/articles/s41597-019-0059-9	exact_tree_tip_match	1	True
Cercopithecus_neglectus	Cercopithecus_neglectus	OWM	Cercopithecidae	30.8	5740	33.2153343397	0.927282552238	-0.0754969570136	PTD00065	"VanShaik et al. 2012/Isler	 K; van Schaik	 C P (2012)/AnAge DB"	https://www.zora.uzh.ch/id/eprint/71056/ / https://www.sciencedirect.com/science/article/abs/pii/S0047248412000577	PTD00014	Galán-Acedo et al. 2019	https://www.nature.com/articles/s41597-019-0059-9	exact_tree_tip_match	3	True
Cercopithecus_nictitans	Cercopithecus_nictitans	OWM	Cercopithecidae	31	5460	32.9028630738	0.942167249412	-0.0595724730193	PTD00065	"VanShaik et al. 2012/Isler	 K; van Schaik	 C P (2012)/AnAge DB"	https://www.zora.uzh.ch/id/eprint/71056/ / https://www.sciencedirect.com/science/article/abs/pii/S0047248412000577	PTD00014	Galán-Acedo et al. 2019	https://www.nature.com/articles/s41597-019-0059-9	exact_tree_tip_match	2	True
Cercopithecus_petaurista	Cercopithecus_petaurista	OWM	Cercopithecidae	29	3650	30.4914187301	0.951087263491	-0.0501494609293	PTD00065	"VanShaik et al. 2012/Isler	 K; van Schaik	 C P (2012)/AnAge DB"	https://www.zora.uzh.ch/id/eprint/71056/ / https://www.sciencedirect.com/science/article/abs/pii/S0047248412000577	PTD00014	Galán-Acedo et al. 2019	https://www.nature.com/articles/s41597-019-0059-9	exact_tree_tip_match	9	True
Cercopithecus_pogonias	Cercopithecus_pogonias	OWM	Cercopithecidae	27	3580	30.3800282033	0.888741768747	-0.117948559514	PTD00065	"VanShaik et al. 2012/Isler	 K; van Schaik	 C P (2012)/AnAge DB"	https://www.zora.uzh.ch/id/eprint/71056/ / https://www.sciencedirect.com/science/article/abs/pii/S0047248412000577	PTD00014	Galán-Acedo et al. 2019	https://www.nature.com/articles/s41597-019-0059-9	exact_tree_tip_match	1	True
Cercopithecus_wolfi	Cercopithecus_wolfi	OWM	Cercopithecidae	24	3340	29.9841928789	0.80042174545	-0.222616508413	PTD00065	"VanShaik et al. 2012/Isler	 K; van Schaik	 C P (2012)/AnAge DB"	https://www.zora.uzh.ch/id/eprint/71056/ / https://www.sciencedirect.com/science/article/abs/pii/S0047248412000577	PTD00014	Galán-Acedo et al. 2019	https://www.nature.com/articles/s41597-019-0059-9	not_in_tree_exactly	0	False
Cheirogaleus_major	Cheirogaleus_major	STR	Cheirogaleidae	13.4	505	20.9810080855	0.638672839046	-0.448362944689	PTD00065	"VanShaik et al. 2012/Isler	 K; van Schaik	 C P (2012)/AnAge DB"	https://www.zora.uzh.ch/id/eprint/71056/ / https://www.sciencedirect.com/science/article/abs/pii/S0047248412000577	PTD00014	Galán-Acedo et al. 2019	https://www.nature.com/articles/s41597-019-0059-9	exact_tree_tip_match	2	True
Cheirogaleus_medius	Cheirogaleus_medius	STR	Cheirogaleidae	23.3	176	17.1911992881	1.35534465104	0.304055776997	PTD00065	"VanShaik et al. 2012/Isler	 K; van Schaik	 C P (2012)/AnAge DB"	https://www.zora.uzh.ch/id/eprint/71056/ / https://www.sciencedirect.com/science/article/abs/pii/S0047248412000577	PTD00014	Galán-Acedo et al. 2019	https://www.nature.com/articles/s41597-019-0059-9	exact_tree_tip_match	2	True
Chiropotes_albinasus	Chiropotes_albinasus	PLA	Pitheciidae	20	2820	29.0403176279	0.68869770146	-0.372952853942	PTD00065	"VanShaik et al. 2012/Isler	 K; van Schaik	 C P (2012)/AnAge DB"	https://www.zora.uzh.ch/id/eprint/71056/ / https://www.sciencedirect.com/science/article/abs/pii/S0047248412000577	PTD00014	Galán-Acedo et al. 2019	https://www.nature.com/articles/s41597-019-0059-9	exact_tree_tip_match	7	True
Chiropotes_satanas	Chiropotes_satanas	PLA	Pitheciidae	19.6	2885	29.1656621151	0.672023145666	-0.397462496096	PTD00065	"VanShaik et al. 2012/Isler	 K; van Schaik	 C P (2012)/AnAge DB"	https://www.zora.uzh.ch/id/eprint/71056/ / https://www.sciencedirect.com/science/article/abs/pii/S0047248412000577	PTD00014	Galán-Acedo et al. 2019	https://www.nature.com/articles/s41597-019-0059-9	not_in_tree_exactly	2	True
Chlorocebus_aethiops	Chlorocebus_aethiops	OWM	Cercopithecidae	30.8	4650	31.9192654706	0.964934485361	-0.0356950707652	PTD00065	"VanShaik et al. 2012/Isler	 K; van Schaik	 C P (2012)/AnAge DB"	https://www.zora.uzh.ch/id/eprint/71056/ / https://www.sciencedirect.com/science/article/abs/pii/S0047248412000577	PTD00014	Galán-Acedo et al. 2019	https://www.nature.com/articles/s41597-019-0059-9	not_in_tree_exactly	0	False
Colobus_angolensis	Colobus_angolensis	OWM	Cercopithecidae	35.3	8600	35.8529163588	0.984578204093	-0.0155419487172	PTD00065	"VanShaik et al. 2012/Isler	 K; van Schaik	 C P (2012)/AnAge DB"	https://www.zora.uzh.ch/id/eprint/71056/ / https://www.sciencedirect.com/science/article/abs/pii/S0047248412000577	PTD00014	Galán-Acedo et al. 2019	https://www.nature.com/articles/s41597-019-0059-9	exact_tree_tip_match	1	True
Colobus_guereza	Colobus_guereza	OWM	Cercopithecidae	35.3	8890	36.0783538301	0.978426015951	-0.0218101046616	PTD00065	"VanShaik et al. 2012/Isler	 K; van Schaik	 C P (2012)/AnAge DB"	https://www.zora.uzh.ch/id/eprint/71056/ / https://www.sciencedirect.com/science/article/abs/pii/S0047248412000577	PTD00014	Galán-Acedo et al. 2019	https://www.nature.com/articles/s41597-019-0059-9	exact_tree_tip_match	5	True
Colobus_polykomos	Colobus_polykomos	OWM	Cercopithecidae	33.9	9100	36.2379068098	0.935484496328	-0.0666907060098	PTD00065	"VanShaik et al. 2012/Isler	 K; van Schaik	 C P (2012)/AnAge DB"	https://www.zora.uzh.ch/id/eprint/71056/ / https://www.sciencedirect.com/science/article/abs/pii/S0047248412000577	PTD00014	Galán-Acedo et al. 2019	https://www.nature.com/articles/s41597-019-0059-9	exact_tree_tip_match	1	True
Daubentonia_madagascariensis	Daubentonia_madagascariensis	STR	Daubentoniidae	23.3	2545	28.4825764899	0.818043971839	-0.200839188519	PTD00065	"VanShaik et al. 2012/Isler	 K; van Schaik	 C P (2012)/AnAge DB"	https://www.zora.uzh.ch/id/eprint/71056/ / https://www.sciencedirect.com/science/article/abs/pii/S0047248412000577	PTD00014	Galán-Acedo et al. 2019	https://www.nature.com/articles/s41597-019-0059-9	exact_tree_tip_match	1	True
Erythrocebus_patas	Erythrocebus_patas	OWM	Cercopithecidae	28.3	9450	36.4973130345	0.775399547174	-0.254376837736	PTD00065	"VanShaik et al. 2012/Isler	 K; van Schaik	 C P (2012)/AnAge DB"	https://www.zora.uzh.ch/id/eprint/71056/ / https://www.sciencedirect.com/science/article/abs/pii/S0047248412000577	PTD00014	Galán-Acedo et al. 2019	https://www.nature.com/articles/s41597-019-0059-9	exact_tree_tip_match	5	True
Eulemur_coronatus	Eulemur_coronatus	STR	Lemuridae	27	1470	25.6759934922	1.05156593096	0.0502804160145	PTD00065	"VanShaik et al. 2012/Isler	 K; van Schaik	 C P (2012)/AnAge DB"	https://www.zora.uzh.ch/id/eprint/71056/ / https://www.sciencedirect.com/science/article/abs/pii/S0047248412000577	PTD00014	Galán-Acedo et al. 2019	https://www.nature.com/articles/s41597-019-0059-9	exact_tree_tip_match	1	True
Eulemur_fulvus	Eulemur_fulvus	STR	Lemuridae	35.5	1840	26.7888980353	1.32517582296	0.281545147205	PTD00065	"VanShaik et al. 2012/Isler	 K; van Schaik	 C P (2012)/AnAge DB"	https://www.zora.uzh.ch/id/eprint/71056/ / https://www.sciencedirect.com/science/article/abs/pii/S0047248412000577	PTD00014	Galán-Acedo et al. 2019	https://www.nature.com/articles/s41597-019-0059-9	exact_tree_tip_match	3	True
Eulemur_macaco	Eulemur_macaco	STR	Lemuridae	36.2	2063	27.3744016259	1.32240333486	0.279450789348	PTD00065	"VanShaik et al. 2012/Isler	 K; van Schaik	 C P (2012)/AnAge DB"	https://www.zora.uzh.ch/id/eprint/71056/ / https://www.sciencedirect.com/science/article/abs/pii/S0047248412000577	PTD00014	Galán-Acedo et al. 2019	https://www.nature.com/articles/s41597-019-0059-9	exact_tree_tip_match	1	True
Eulemur_mongoz	Eulemur_mongoz	STR	Lemuridae	36.2	1375	25.3538251317	1.42779244599	0.35612950741	PTD00065	"VanShaik et al. 2012/Isler	 K; van Schaik	 C P (2012)/AnAge DB"	https://www.zora.uzh.ch/id/eprint/71056/ / https://www.sciencedirect.com/science/article/abs/pii/S0047248412000577	PTD00014	Galán-Acedo et al. 2019	https://www.nature.com/articles/s41597-019-0059-9	exact_tree_tip_match	6	True
Eulemur_rubriventer	Eulemur_rubriventer	STR	Lemuridae	20	1997.5	27.2079789922	0.735078485826	-0.307778002033	PTD00065	"VanShaik et al. 2012/Isler	 K; van Schaik	 C P (2012)/AnAge DB"	https://www.zora.uzh.ch/id/eprint/71056/ / https://www.sciencedirect.com/science/article/abs/pii/S0047248412000577	PTD00014	Galán-Acedo et al. 2019	https://www.nature.com/articles/s41597-019-0059-9	exact_tree_tip_match	5	True
Galago_moholi	Galago_moholi	STR	Galagidae	16.6	200	17.6116055466	0.942560288217	-0.0591553954279	PTD00065	"VanShaik et al. 2012/Isler	 K; van Schaik	 C P (2012)/AnAge DB"	https://www.zora.uzh.ch/id/eprint/71056/ / https://www.sciencedirect.com/science/article/abs/pii/S0047248412000577	PTD00014	Galán-Acedo et al. 2019	https://www.nature.com/articles/s41597-019-0059-9	exact_tree_tip_match	1	True
Galago_senegalensis	Galago_senegalensis	STR	Galagidae	17.1	250	18.3702447408	0.930853140027	-0.0716537584802	PTD00065	"VanShaik et al. 2012/Isler	 K; van Schaik	 C P (2012)/AnAge DB"	https://www.zora.uzh.ch/id/eprint/71056/ / https://www.sciencedirect.com/science/article/abs/pii/S0047248412000577	PTD00014	Galán-Acedo et al. 2019	https://www.nature.com/articles/s41597-019-0059-9	exact_tree_tip_match	1	True
Galagoides_demidovii	Galagoides_demidovii	STR	Galagidae	13.4	60	14.0273252483	0.955278341579	-0.0457525238159	PTD00065	"VanShaik et al. 2012/Isler	 K; van Schaik	 C P (2012)/AnAge DB"	https://www.zora.uzh.ch/id/eprint/71056/ / https://www.sciencedirect.com/science/article/abs/pii/S0047248412000577	PTD00014	Galán-Acedo et al. 2019	https://www.nature.com/articles/s41597-019-0059-9	not_in_tree_exactly	0	False
Galagoides_zanzibaricus	Galagoides_zanzibaricus	STR	Galagidae	12.2	140	16.4635118051	0.741032663288	-0.299710574647	PTD00065	"VanShaik et al. 2012/Isler	 K; van Schaik	 C P (2012)/AnAge DB"	https://www.zora.uzh.ch/id/eprint/71056/ / https://www.sciencedirect.com/science/article/abs/pii/S0047248412000577	PTD00014	Galán-Acedo et al. 2019	https://www.nature.com/articles/s41597-019-0059-9	not_in_tree_exactly	0	False
Gorilla_gorilla	Gorilla_gorilla	APE	Hominidae	55	122500	59.2327643653	0.928540151543	-0.0741416556751	PTD00065	"VanShaik et al. 2012/Isler	 K; van Schaik	 C P (2012)/AnAge DB"	https://www.zora.uzh.ch/id/eprint/71056/ / https://www.sciencedirect.com/science/article/abs/pii/S0047248412000577	PTD00014	Galán-Acedo et al. 2019	https://www.nature.com/articles/s41597-019-0059-9	exact_tree_tip_match	17	True
Hapalemur_griseus	Hapalemur_griseus	STR	Lemuridae	23.3	823	23.0099062665	1.01260734095	0.0125285301309	PTD00065	"VanShaik et al. 2012/Isler	 K; van Schaik	 C P (2012)/AnAge DB"	https://www.zora.uzh.ch/id/eprint/71056/ / https://www.sciencedirect.com/science/article/abs/pii/S0047248412000577	PTD00014	Galán-Acedo et al. 2019	https://www.nature.com/articles/s41597-019-0059-9	exact_tree_tip_match	1	True
Hoolock_hoolock	Hoolock_hoolock	APE	Hylobatidae	41	6880	34.3722922322	1.19282123296	0.176321285246	PTD00065	"VanShaik et al. 2012/Isler	 K; van Schaik	 C P (2012)/AnAge DB"	https://www.zora.uzh.ch/id/eprint/71056/ / https://www.sciencedirect.com/science/article/abs/pii/S0047248412000577	PTD00014	Galán-Acedo et al. 2019	https://www.nature.com/articles/s41597-019-0059-9	exact_tree_tip_match	11	True
Hylobates_agilis	Hylobates_agilis	APE	Hylobatidae	49	6000	33.494605497	1.46292214143	0.380435902186	PTD00065	"VanShaik et al. 2012/Isler	 K; van Schaik	 C P (2012)/AnAge DB"	https://www.zora.uzh.ch/id/eprint/71056/ / https://www.sciencedirect.com/science/article/abs/pii/S0047248412000577	PTD00014	Galán-Acedo et al. 2019	https://www.nature.com/articles/s41597-019-0059-9	exact_tree_tip_match	1	True
Hylobates_klossii	Hylobates_klossii	APE	Hylobatidae	37	5800	33.2806784765	1.11175618088	0.105940909986	PTD00065	"VanShaik et al. 2012/Isler	 K; van Schaik	 C P (2012)/AnAge DB"	https://www.zora.uzh.ch/id/eprint/71056/ / https://www.sciencedirect.com/science/article/abs/pii/S0047248412000577	PTD00014	Galán-Acedo et al. 2019	https://www.nature.com/articles/s41597-019-0059-9	exact_tree_tip_match	1	True
Hylobates_lar	Hylobates_lar	APE	Hylobatidae	52	5640	33.1051859263	1.57075088223	0.45155377396	PTD00065	"VanShaik et al. 2012/Isler	 K; van Schaik	 C P (2012)/AnAge DB"	https://www.zora.uzh.ch/id/eprint/71056/ / https://www.sciencedirect.com/science/article/abs/pii/S0047248412000577	PTD00014	Galán-Acedo et al. 2019	https://www.nature.com/articles/s41597-019-0059-9	exact_tree_tip_match	30	True
Hylobates_moloch	Hylobates_moloch	APE	Hylobatidae	45	6420	33.925667473	1.32642931892	0.282490609284	PTD00065	"VanShaik et al. 2012/Isler	 K; van Schaik	 C P (2012)/AnAge DB"	https://www.zora.uzh.ch/id/eprint/71056/ / https://www.sciencedirect.com/science/article/abs/pii/S0047248412000577	PTD00014	Galán-Acedo et al. 2019	https://www.nature.com/articles/s41597-019-0059-9	not_in_tree_exactly	0	False
Hylobates_muelleri	Hylobates_muelleri	APE	Hylobatidae	60	5350	32.776542972	1.83057743617	0.60463145597	PTD00065	"VanShaik et al. 2012/Isler	 K; van Schaik	 C P (2012)/AnAge DB"	https://www.zora.uzh.ch/id/eprint/71056/ / https://www.sciencedirect.com/science/article/abs/pii/S0047248412000577	PTD00014	Galán-Acedo et al. 2019	https://www.nature.com/articles/s41597-019-0059-9	exact_tree_tip_match	1	True
Hylobates_pileatus	Hylobates_pileatus	APE	Hylobatidae	38	5470	32.9142440771	1.15451534937	0.14368064498	PTD00065	"VanShaik et al. 2012/Isler	 K; van Schaik	 C P (2012)/AnAge DB"	https://www.zora.uzh.ch/id/eprint/71056/ / https://www.sciencedirect.com/science/article/abs/pii/S0047248412000577	PTD00014	Galán-Acedo et al. 2019	https://www.nature.com/articles/s41597-019-0059-9	not_in_tree_exactly	0	False
Lagothrix_lagotricha	Lagothrix_lagotricha	PLA	Atelidae	32	7150	34.6232731956	0.924233818657	-0.0787901888581	PTD00065	"VanShaik et al. 2012/Isler	 K; van Schaik	 C P (2012)/AnAge DB"	https://www.zora.uzh.ch/id/eprint/71056/ / https://www.sciencedirect.com/science/article/abs/pii/S0047248412000577	PTD00014	Galán-Acedo et al. 2019	https://www.nature.com/articles/s41597-019-0059-9	not_in_tree_exactly	18	True
Lemur_catta	Lemur_catta	STR	Lemuridae	37.3	2210	27.7328447461	1.34497561795	0.296375884974	PTD00065	"VanShaik et al. 2012/Isler	 K; van Schaik	 C P (2012)/AnAge DB"	https://www.zora.uzh.ch/id/eprint/71056/ / https://www.sciencedirect.com/science/article/abs/pii/S0047248412000577	PTD00014	Galán-Acedo et al. 2019	https://www.nature.com/articles/s41597-019-0059-9	exact_tree_tip_match	9	True
Leontocebus_fuscicolis	Leontocebus_fuscicolis	PLA	Callitrichidae	24.9	330	19.3599136228	1.28616276318	0.251663183265	PTD00065	"VanShaik et al. 2012/Isler	 K; van Schaik	 C P (2012)/AnAge DB"	https://www.zora.uzh.ch/id/eprint/71056/ / https://www.sciencedirect.com/science/article/abs/pii/S0047248412000577	PTD00014	Galán-Acedo et al. 2019	https://www.nature.com/articles/s41597-019-0059-9	exact_tree_tip_match	0	False
Leontocebus_nigricollis	Leontocebus_nigricollis	PLA	Callitrichidae	20.2	480	20.7806378826	0.972058707442	-0.0283390777431	PTD00065	"VanShaik et al. 2012/Isler	 K; van Schaik	 C P (2012)/AnAge DB"	https://www.zora.uzh.ch/id/eprint/71056/ / https://www.sciencedirect.com/science/article/abs/pii/S0047248412000577	PTD00014	Galán-Acedo et al. 2019	https://www.nature.com/articles/s41597-019-0059-9	exact_tree_tip_match	1	True
Leontopithecus_chrysomelas	Leontopithecus_chrysomelas	PLA	Callitrichidae	21.3	580	21.5373453231	0.988979824599	-0.0110813473666	PTD00065	"VanShaik et al. 2012/Isler	 K; van Schaik	 C P (2012)/AnAge DB"	https://www.zora.uzh.ch/id/eprint/71056/ / https://www.sciencedirect.com/science/article/abs/pii/S0047248412000577	PTD00014	Galán-Acedo et al. 2019	https://www.nature.com/articles/s41597-019-0059-9	exact_tree_tip_match	4	True
Leontopithecus_chrysopygus	Leontopithecus_chrysopygus	PLA	Callitrichidae	17.9	615	21.7771818421	0.82196126798	-0.196062004282	PTD00065	"VanShaik et al. 2012/Isler	 K; van Schaik	 C P (2012)/AnAge DB"	https://www.zora.uzh.ch/id/eprint/71056/ / https://www.sciencedirect.com/science/article/abs/pii/S0047248412000577	PTD00014	Galán-Acedo et al. 2019	https://www.nature.com/articles/s41597-019-0059-9	not_in_tree_exactly	0	False
Leontopithecus_rosalia	Leontopithecus_rosalia	PLA	Callitrichidae	31.6	640	21.9418022036	1.44017340539	0.364763526749	PTD00065	"VanShaik et al. 2012/Isler	 K; van Schaik	 C P (2012)/AnAge DB"	https://www.zora.uzh.ch/id/eprint/71056/ / https://www.sciencedirect.com/science/article/abs/pii/S0047248412000577	PTD00014	Galán-Acedo et al. 2019	https://www.nature.com/articles/s41597-019-0059-9	exact_tree_tip_match	5	True
Lepilemur_mustelinus	Lepilemur_mustelinus	STR	Lepilemuridae	12	980	23.7818704489	0.504586046997	-0.684016894769	PTD00065	"VanShaik et al. 2012/Isler	 K; van Schaik	 C P (2012)/AnAge DB"	https://www.zora.uzh.ch/id/eprint/71056/ / https://www.sciencedirect.com/science/article/abs/pii/S0047248412000577	PTD00014	Galán-Acedo et al. 2019	https://www.nature.com/articles/s41597-019-0059-9	not_in_tree_exactly	0	False
Lophocebus_albigena	Lophocebus_albigena	OWM	Cercopithecidae	29	6950	34.4381179172	0.842090153409	-0.171868199914	PTD00065	"VanShaik et al. 2012/Isler	 K; van Schaik	 C P (2012)/AnAge DB"	https://www.zora.uzh.ch/id/eprint/71056/ / https://www.sciencedirect.com/science/article/abs/pii/S0047248412000577	PTD00014	Galán-Acedo et al. 2019	https://www.nature.com/articles/s41597-019-0059-9	not_in_tree_exactly	0	False
Loris_lydekkerianus	Loris_lydekkerianus	STR	Lorisidae	18.7	270	18.6394044523	1.00325093797	0.00324566509704	PTD00065	"VanShaik et al. 2012/Isler	 K; van Schaik	 C P (2012)/AnAge DB"	https://www.zora.uzh.ch/id/eprint/71056/ / https://www.sciencedirect.com/science/article/abs/pii/S0047248412000577	PTD00014	Galán-Acedo et al. 2019	https://www.nature.com/articles/s41597-019-0059-9	exact_tree_tip_match	4	True
Loris_tardigradus	Loris_tardigradus	STR	Lorisidae	19.3	190	17.4416959423	1.10654377096	0.10124143776	PTD00065	"VanShaik et al. 2012/Isler	 K; van Schaik	 C P (2012)/AnAge DB"	https://www.zora.uzh.ch/id/eprint/71056/ / https://www.sciencedirect.com/science/article/abs/pii/S0047248412000577	PTD00014	Galán-Acedo et al. 2019	https://www.nature.com/articles/s41597-019-0059-9	exact_tree_tip_match	4	True
Macaca_arctoides	Macaca_arctoides	OWM	Cercopithecidae	29.2	10300	37.0962932581	0.787140639548	-0.239348343166	PTD00065	"VanShaik et al. 2012/Isler	 K; van Schaik	 C P (2012)/AnAge DB"	https://www.zora.uzh.ch/id/eprint/71056/ / https://www.sciencedirect.com/science/article/abs/pii/S0047248412000577	PTD00014	Galán-Acedo et al. 2019	https://www.nature.com/articles/s41597-019-0059-9	exact_tree_tip_match	8	True
Macaca_assamensis	Macaca_assamensis	OWM	Cercopithecidae	31.4	9000	36.162305846	0.868307461744	-0.141209408443	PTD00065	"VanShaik et al. 2012/Isler	 K; van Schaik	 C P (2012)/AnAge DB"	https://www.zora.uzh.ch/id/eprint/71056/ / https://www.sciencedirect.com/science/article/abs/pii/S0047248412000577	PTD00014	Galán-Acedo et al. 2019	https://www.nature.com/articles/s41597-019-0059-9	exact_tree_tip_match	3	True
Macaca_fascicularis	Macaca_fascicularis	OWM	Cercopithecidae	38.5	4030	31.0675448801	1.23923535473	0.214494539997	PTD00065	"VanShaik et al. 2012/Isler	 K; van Schaik	 C P (2012)/AnAge DB"	https://www.zora.uzh.ch/id/eprint/71056/ / https://www.sciencedirect.com/science/article/abs/pii/S0047248412000577	PTD00014	Galán-Acedo et al. 2019	https://www.nature.com/articles/s41597-019-0059-9	exact_tree_tip_match	36	True
Macaca_fuscata	Macaca_fuscata	OWM	Cercopithecidae	38.5	9500	36.5337322916	1.05382060866	0.0524222351167	PTD00065	"VanShaik et al. 2012/Isler	 K; van Schaik	 C P (2012)/AnAge DB"	https://www.zora.uzh.ch/id/eprint/71056/ / https://www.sciencedirect.com/science/article/abs/pii/S0047248412000577	PTD00014	Galán-Acedo et al. 2019	https://www.nature.com/articles/s41597-019-0059-9	exact_tree_tip_match	1	True
Macaca_maura	Macaca_maura	OWM	Cercopithecidae	33	7880	35.2653124285	0.935763721557	-0.0663922686053	PTD00065	"VanShaik et al. 2012/Isler	 K; van Schaik	 C P (2012)/AnAge DB"	https://www.zora.uzh.ch/id/eprint/71056/ / https://www.sciencedirect.com/science/article/abs/pii/S0047248412000577	PTD00014	Galán-Acedo et al. 2019	https://www.nature.com/articles/s41597-019-0059-9	exact_tree_tip_match	50	True
Macaca_mulatta	Macaca_mulatta	OWM	Cercopithecidae	34	5960	33.4522877435	1.0163729387	0.0162403474521	PTD00065	"VanShaik et al. 2012/Isler	 K; van Schaik	 C P (2012)/AnAge DB"	https://www.zora.uzh.ch/id/eprint/71056/ / https://www.sciencedirect.com/science/article/abs/pii/S0047248412000577	PTD00014	Galán-Acedo et al. 2019	https://www.nature.com/articles/s41597-019-0059-9	exact_tree_tip_match	83	True
Macaca_nemestrina	Macaca_nemestrina	OWM	Cercopithecidae	37.6	8890	36.0783538301	1.04217615297	0.041310981795	PTD00065	"VanShaik et al. 2012/Isler	 K; van Schaik	 C P (2012)/AnAge DB"	https://www.zora.uzh.ch/id/eprint/71056/ / https://www.sciencedirect.com/science/article/abs/pii/S0047248412000577	PTD00014	Galán-Acedo et al. 2019	https://www.nature.com/articles/s41597-019-0059-9	exact_tree_tip_match	24	True
Macaca_nigra	Macaca_nigra	OWM	Cercopithecidae	34	7680	35.0943781386	0.968816141026	-0.0316804260374	PTD00065	"VanShaik et al. 2012/Isler	 K; van Schaik	 C P (2012)/AnAge DB"	https://www.zora.uzh.ch/id/eprint/71056/ / https://www.sciencedirect.com/science/article/abs/pii/S0047248412000577	PTD00014	Galán-Acedo et al. 2019	https://www.nature.com/articles/s41597-019-0059-9	exact_tree_tip_match	6	True
Macaca_ochreata	Macaca_ochreata	OWM	Cercopithecidae	29	3950	30.9500340922	0.936994121351	-0.0650782706685	PTD00065	"VanShaik et al. 2012/Isler	 K; van Schaik	 C P (2012)/AnAge DB"	https://www.zora.uzh.ch/id/eprint/71056/ / https://www.sciencedirect.com/science/article/abs/pii/S0047248412000577	PTD00014	Galán-Acedo et al. 2019	https://www.nature.com/articles/s41597-019-0059-9	not_in_tree_exactly	4	True
Macaca_radiata	Macaca_radiata	OWM	Cercopithecidae	30	5140	32.5294192723	0.9222421018	-0.0809475065976	PTD00065	"VanShaik et al. 2012/Isler	 K; van Schaik	 C P (2012)/AnAge DB"	https://www.zora.uzh.ch/id/eprint/71056/ / https://www.sciencedirect.com/science/article/abs/pii/S0047248412000577	PTD00014	Galán-Acedo et al. 2019	https://www.nature.com/articles/s41597-019-0059-9	exact_tree_tip_match	13	True
Macaca_silenus	Macaca_silenus	OWM	Cercopithecidae	40	7500	34.9374223063	1.14490415604	0.135320926991	PTD00065	"VanShaik et al. 2012/Isler	 K; van Schaik	 C P (2012)/AnAge DB"	https://www.zora.uzh.ch/id/eprint/71056/ / https://www.sciencedirect.com/science/article/abs/pii/S0047248412000577	PTD00014	Galán-Acedo et al. 2019	https://www.nature.com/articles/s41597-019-0059-9	exact_tree_tip_match	17	True
Macaca_sinica	Macaca_sinica	OWM	Cercopithecidae	29.3	4480	31.695369955	0.924425240707	-0.0785830959921	PTD00065	"VanShaik et al. 2012/Isler	 K; van Schaik	 C P (2012)/AnAge DB"	https://www.zora.uzh.ch/id/eprint/71056/ / https://www.sciencedirect.com/science/article/abs/pii/S0047248412000577	PTD00014	Galán-Acedo et al. 2019	https://www.nature.com/articles/s41597-019-0059-9	not_in_tree_exactly	3	True
Macaca_sylvanus	Macaca_sylvanus	OWM	Cercopithecidae	29.1	13500	39.0424769809	0.745342054353	-0.293912032612	PTD00065	"VanShaik et al. 2012/Isler	 K; van Schaik	 C P (2012)/AnAge DB"	https://www.zora.uzh.ch/id/eprint/71056/ / https://www.sciencedirect.com/science/article/abs/pii/S0047248412000577	PTD00014	Galán-Acedo et al. 2019	https://www.nature.com/articles/s41597-019-0059-9	not_in_tree_exactly	89	True
Macaca_thibetana	Macaca_thibetana	OWM	Cercopithecidae	27	15550	40.0997186044	0.67332143316	-0.395532450936	PTD00065	"VanShaik et al. 2012/Isler	 K; van Schaik	 C P (2012)/AnAge DB"	https://www.zora.uzh.ch/id/eprint/71056/ / https://www.sciencedirect.com/science/article/abs/pii/S0047248412000577	PTD00014	Galán-Acedo et al. 2019	https://www.nature.com/articles/s41597-019-0059-9	exact_tree_tip_match	1	True
Macaca_tonkeana	Macaca_tonkeana	OWM	Cercopithecidae	28.4	11950	38.1528350365	0.744374565424	-0.295210922687	PTD00065	"VanShaik et al. 2012/Isler	 K; van Schaik	 C P (2012)/AnAge DB"	https://www.zora.uzh.ch/id/eprint/71056/ / https://www.sciencedirect.com/science/article/abs/pii/S0047248412000577	PTD00014	Galán-Acedo et al. 2019	https://www.nature.com/articles/s41597-019-0059-9	exact_tree_tip_match	44	True
Mandrillus_leucophaeus	Mandrillus_leucophaeus	OWM	Cercopithecidae	39	20375	42.2010960231	0.924146614076	-0.0788845466858	PTD00065	"VanShaik et al. 2012/Isler	 K; van Schaik	 C P (2012)/AnAge DB"	https://www.zora.uzh.ch/id/eprint/71056/ / https://www.sciencedirect.com/science/article/abs/pii/S0047248412000577	PTD00014	Galán-Acedo et al. 2019	https://www.nature.com/articles/s41597-019-0059-9	exact_tree_tip_match	1	True
Mandrillus_sphinx	Mandrillus_sphinx	OWM	Cercopithecidae	40	23600	43.3895003672	0.921882014346	-0.0813380307005	PTD00065	"VanShaik et al. 2012/Isler	 K; van Schaik	 C P (2012)/AnAge DB"	https://www.zora.uzh.ch/id/eprint/71056/ / https://www.sciencedirect.com/science/article/abs/pii/S0047248412000577	PTD00014	Galán-Acedo et al. 2019	https://www.nature.com/articles/s41597-019-0059-9	exact_tree_tip_match	6	True
Mico_argentatus	Mico_argentatus	PLA	Callitrichidae	16.5	350	19.5764140088	0.84285099368	-0.170965093804	PTD00065	"VanShaik et al. 2012/Isler	 K; van Schaik	 C P (2012)/AnAge DB"	https://www.zora.uzh.ch/id/eprint/71056/ / https://www.sciencedirect.com/science/article/abs/pii/S0047248412000577	PTD00014	Galán-Acedo et al. 2019	https://www.nature.com/articles/s41597-019-0059-9	exact_tree_tip_match	9	True
Mico_humeralifer	Mico_humeralifer	PLA	Callitrichidae	15	420	20.2627504842	0.740274624203	-0.300734047842	PTD00065	"VanShaik et al. 2012/Isler	 K; van Schaik	 C P (2012)/AnAge DB"	https://www.zora.uzh.ch/id/eprint/71056/ / https://www.sciencedirect.com/science/article/abs/pii/S0047248412000577	PTD00014	Galán-Acedo et al. 2019	https://www.nature.com/articles/s41597-019-0059-9	exact_tree_tip_match	5	True
Microcebus_murinus	Microcebus_murinus	STR	Cheirogaleidae	18.2	60	14.0273252483	1.29746759826	0.26041436331	PTD00065	"VanShaik et al. 2012/Isler	 K; van Schaik	 C P (2012)/AnAge DB"	https://www.zora.uzh.ch/id/eprint/71056/ / https://www.sciencedirect.com/science/article/abs/pii/S0047248412000577	PTD00014	Galán-Acedo et al. 2019	https://www.nature.com/articles/s41597-019-0059-9	exact_tree_tip_match	2	True
Miopithecus_talapoin	Miopithecus_talapoin	OWM	Cercopithecidae	27	1250	24.9011998097	1.08428510298	0.0809208785655	PTD00065	"VanShaik et al. 2012/Isler	 K; van Schaik	 C P (2012)/AnAge DB"	https://www.zora.uzh.ch/id/eprint/71056/ / https://www.sciencedirect.com/science/article/abs/pii/S0047248412000577	PTD00014	Galán-Acedo et al. 2019	https://www.nature.com/articles/s41597-019-0059-9	not_in_tree_exactly	0	False
Mirza_coquereli	Mirza_coquereli	STR	Cheirogaleidae	17.4	310	19.1324964229	0.909447445614	-0.0949180665159	PTD00065	"VanShaik et al. 2012/Isler	 K; van Schaik	 C P (2012)/AnAge DB"	https://www.zora.uzh.ch/id/eprint/71056/ / https://www.sciencedirect.com/science/article/abs/pii/S0047248412000577	PTD00014	Galán-Acedo et al. 2019	https://www.nature.com/articles/s41597-019-0059-9	not_in_tree_exactly	0	False
Nasalis_larvatus	Nasalis_larvatus	OWM	Cercopithecidae	25.1	15750	40.1966912602	0.624429504347	-0.470916839139	PTD00065	"VanShaik et al. 2012/Isler	 K; van Schaik	 C P (2012)/AnAge DB"	https://www.zora.uzh.ch/id/eprint/71056/ / https://www.sciencedirect.com/science/article/abs/pii/S0047248412000577	PTD00014	Galán-Acedo et al. 2019	https://www.nature.com/articles/s41597-019-0059-9	exact_tree_tip_match	6	True
Nomascus_concolor	Nomascus_concolor	APE	Hylobatidae	46.1	7690	35.1030100893	1.31327768994	0.272526065677	PTD00065	"VanShaik et al. 2012/Isler	 K; van Schaik	 C P (2012)/AnAge DB"	https://www.zora.uzh.ch/id/eprint/71056/ / https://www.sciencedirect.com/science/article/abs/pii/S0047248412000577	PTD00014	Galán-Acedo et al. 2019	https://www.nature.com/articles/s41597-019-0059-9	exact_tree_tip_match	1	True
Nomascus_leucogenys	Nomascus_leucogenys	APE	Hylobatidae	44.1	6500	34.0051664565	1.29686175942	0.259947314778	PTD00065	"VanShaik et al. 2012/Isler	 K; van Schaik	 C P (2012)/AnAge DB"	https://www.zora.uzh.ch/id/eprint/71056/ / https://www.sciencedirect.com/science/article/abs/pii/S0047248412000577	PTD00014	Galán-Acedo et al. 2019	https://www.nature.com/articles/s41597-019-0059-9	not_in_tree_exactly	1	True
Nycticebus_bengalensis	Nycticebus_bengalensis	STR	Lorisidae	25.5	1260	24.9387288718	1.02250600386	0.0222564806619	PTD00065	"VanShaik et al. 2012/Isler	 K; van Schaik	 C P (2012)/AnAge DB"	https://www.zora.uzh.ch/id/eprint/71056/ / https://www.sciencedirect.com/science/article/abs/pii/S0047248412000577	PTD00014	Galán-Acedo et al. 2019	https://www.nature.com/articles/s41597-019-0059-9	exact_tree_tip_match	9	True
Nycticebus_coucang	Nycticebus_coucang	STR	Lorisidae	25.8	650	22.0061923696	1.17239727649	0.159050606829	PTD00065	"VanShaik et al. 2012/Isler	 K; van Schaik	 C P (2012)/AnAge DB"	https://www.zora.uzh.ch/id/eprint/71056/ / https://www.sciencedirect.com/science/article/abs/pii/S0047248412000577	PTD00014	Galán-Acedo et al. 2019	https://www.nature.com/articles/s41597-019-0059-9	exact_tree_tip_match	8	True
Nycticebus_pygmaeus	Nycticebus_pygmaeus	STR	Lorisidae	19.3	420	20.2627504842	0.952486683141	-0.0486791530334	PTD00065	"VanShaik et al. 2012/Isler	 K; van Schaik	 C P (2012)/AnAge DB"	https://www.zora.uzh.ch/id/eprint/71056/ / https://www.sciencedirect.com/science/article/abs/pii/S0047248412000577	PTD00014	Galán-Acedo et al. 2019	https://www.nature.com/articles/s41597-019-0059-9	exact_tree_tip_match	8	True
Otolemur_crassicaudatus	Otolemur_crassicaudatus	STR	Galagidae	19.6	1150	24.5118546392	0.79961309695	-0.223627297113	PTD00065	"VanShaik et al. 2012/Isler	 K; van Schaik	 C P (2012)/AnAge DB"	https://www.zora.uzh.ch/id/eprint/71056/ / https://www.sciencedirect.com/science/article/abs/pii/S0047248412000577	PTD00014	Galán-Acedo et al. 2019	https://www.nature.com/articles/s41597-019-0059-9	exact_tree_tip_match	3	True
Otolemur_garnettii	Otolemur_garnettii	STR	Galagidae	18.3	760	22.6661651925	0.807370803335	-0.213972232555	PTD00065	"VanShaik et al. 2012/Isler	 K; van Schaik	 C P (2012)/AnAge DB"	https://www.zora.uzh.ch/id/eprint/71056/ / https://www.sciencedirect.com/science/article/abs/pii/S0047248412000577	PTD00014	Galán-Acedo et al. 2019	https://www.nature.com/articles/s41597-019-0059-9	exact_tree_tip_match	9	True
Pan_paniscus	Pan_paniscus	APE	Hominidae	54.5	39100	47.7337646844	1.14174945891	0.132561699167	PTD00065	"VanShaik et al. 2012/Isler	 K; van Schaik	 C P (2012)/AnAge DB"	https://www.zora.uzh.ch/id/eprint/71056/ / https://www.sciencedirect.com/science/article/abs/pii/S0047248412000577	PTD00014	Galán-Acedo et al. 2019	https://www.nature.com/articles/s41597-019-0059-9	exact_tree_tip_match	13	True
Pan_troglodytes	Pan_troglodytes	APE	Hominidae	59.4	53700	50.6838294279	1.17197142897	0.158687312842	PTD00065	"VanShaik et al. 2012/Isler	 K; van Schaik	 C P (2012)/AnAge DB"	https://www.zora.uzh.ch/id/eprint/71056/ / https://www.sciencedirect.com/science/article/abs/pii/S0047248412000577	PTD00014	Galán-Acedo et al. 2019	https://www.nature.com/articles/s41597-019-0059-9	exact_tree_tip_match	361	True
Papio_anubis	Papio_anubis	OWM	Cercopithecidae	31.6	16650	40.6210898895	0.777921027868	-0.251130266552	PTD00065	"VanShaik et al. 2012/Isler	 K; van Schaik	 C P (2012)/AnAge DB"	https://www.zora.uzh.ch/id/eprint/71056/ / https://www.sciencedirect.com/science/article/abs/pii/S0047248412000577	PTD00014	Galán-Acedo et al. 2019	https://www.nature.com/articles/s41597-019-0059-9	exact_tree_tip_match	92	True
Papio_cynocephalus	Papio_cynocephalus	OWM	Cercopithecidae	34.1	17050	40.8037604374	0.835707288605	-0.179476860456	PTD00065	"VanShaik et al. 2012/Isler	 K; van Schaik	 C P (2012)/AnAge DB"	https://www.zora.uzh.ch/id/eprint/71056/ / https://www.sciencedirect.com/science/article/abs/pii/S0047248412000577	PTD00014	Galán-Acedo et al. 2019	https://www.nature.com/articles/s41597-019-0059-9	exact_tree_tip_match	138	True
Papio_hamadryas	Papio_hamadryas	OWM	Cercopithecidae	37.5	13400	38.9876525943	0.961842981167	-0.0389040628789	PTD00065	"VanShaik et al. 2012/Isler	 K; van Schaik	 C P (2012)/AnAge DB"	https://www.zora.uzh.ch/id/eprint/71056/ / https://www.sciencedirect.com/science/article/abs/pii/S0047248412000577	PTD00014	Galán-Acedo et al. 2019	https://www.nature.com/articles/s41597-019-0059-9	exact_tree_tip_match	25	True
Papio_ursinus	Papio_ursinus	OWM	Cercopithecidae	32.6	22300	42.927332251	0.759422919863	-0.275196450098	PTD00065	"VanShaik et al. 2012/Isler	 K; van Schaik	 C P (2012)/AnAge DB"	https://www.zora.uzh.ch/id/eprint/71056/ / https://www.sciencedirect.com/science/article/abs/pii/S0047248412000577	PTD00014	Galán-Acedo et al. 2019	https://www.nature.com/articles/s41597-019-0059-9	exact_tree_tip_match	4	True
Perodicticus_potto	Perodicticus_potto	STR	Lorisidae	26.3	830	23.0467685363	1.14115781388	0.132043373221	PTD00065	"VanShaik et al. 2012/Isler	 K; van Schaik	 C P (2012)/AnAge DB"	https://www.zora.uzh.ch/id/eprint/71056/ / https://www.sciencedirect.com/science/article/abs/pii/S0047248412000577	PTD00014	Galán-Acedo et al. 2019	https://www.nature.com/articles/s41597-019-0059-9	exact_tree_tip_match	3	True
Phaner_furcifer	Phaner_furcifer	STR	Cheirogaleidae	25	370	19.7831027439	1.26370470414	0.23404764829	PTD00065	"VanShaik et al. 2012/Isler	 K; van Schaik	 C P (2012)/AnAge DB"	https://www.zora.uzh.ch/id/eprint/71056/ / https://www.sciencedirect.com/science/article/abs/pii/S0047248412000577	PTD00014	Galán-Acedo et al. 2019	https://www.nature.com/articles/s41597-019-0059-9	not_in_tree_exactly	0	False
Pithecia_monachus	Pithecia_monachus	PLA	Pitheciidae	24.6	2360	28.0791947637	0.876093499371	-0.1322824593	PTD00065	"VanShaik et al. 2012/Isler	 K; van Schaik	 C P (2012)/AnAge DB"	https://www.zora.uzh.ch/id/eprint/71056/ / https://www.sciencedirect.com/science/article/abs/pii/S0047248412000577	PTD00014	Galán-Acedo et al. 2019	https://www.nature.com/articles/s41597-019-0059-9	not_in_tree_exactly	5	True
Pithecia_pithecia	Pithecia_pithecia	PLA	Pitheciidae	36	1760	26.5647770209	1.35517794754	0.303932772305	PTD00065	"VanShaik et al. 2012/Isler	 K; van Schaik	 C P (2012)/AnAge DB"	https://www.zora.uzh.ch/id/eprint/71056/ / https://www.sciencedirect.com/science/article/abs/pii/S0047248412000577	PTD00014	Galán-Acedo et al. 2019	https://www.nature.com/articles/s41597-019-0059-9	not_in_tree_exactly	10	True
Plecturocebus_cupreus	Plecturocebus_cupreus	PLA	Pitheciidae	26.4	1070	24.1800845241	1.09180759785	0.0878346693503	PTD00065	"VanShaik et al. 2012/Isler	 K; van Schaik	 C P (2012)/AnAge DB"	https://www.zora.uzh.ch/id/eprint/71056/ / https://www.sciencedirect.com/science/article/abs/pii/S0047248412000577	PTD00014	Galán-Acedo et al. 2019	https://www.nature.com/articles/s41597-019-0059-9	exact_tree_tip_match	7	True
Plecturocebus_donacophilus	Plecturocebus_donacophilus	PLA	Pitheciidae	25	950	23.6425350783	1.05741621688	0.055828401267	PTD00065	"VanShaik et al. 2012/Isler	 K; van Schaik	 C P (2012)/AnAge DB"	https://www.zora.uzh.ch/id/eprint/71056/ / https://www.sciencedirect.com/science/article/abs/pii/S0047248412000577	PTD00014	Galán-Acedo et al. 2019	https://www.nature.com/articles/s41597-019-0059-9	not_in_tree_exactly	1	True
Plecturocebus_moloch	Plecturocebus_moloch	PLA	Pitheciidae	26.2	990	23.8275468672	1.099567662	0.0949170680029	PTD00065	"VanShaik et al. 2012/Isler	 K; van Schaik	 C P (2012)/AnAge DB"	https://www.zora.uzh.ch/id/eprint/71056/ / https://www.sciencedirect.com/science/article/abs/pii/S0047248412000577	PTD00014	Galán-Acedo et al. 2019	https://www.nature.com/articles/s41597-019-0059-9	exact_tree_tip_match	10	True
Pongo_abelii	Pongo_abelii	APE	Hominidae	59	56750	51.2157844869	1.15198860256	0.141489668613	PTD00065	"VanShaik et al. 2012/Isler	 K; van Schaik	 C P (2012)/AnAge DB"	https://www.zora.uzh.ch/id/eprint/71056/ / https://www.sciencedirect.com/science/article/abs/pii/S0047248412000577	PTD00014	Galán-Acedo et al. 2019	https://www.nature.com/articles/s41597-019-0059-9	exact_tree_tip_match	41	True
Pongo_pygmaeus	Pongo_pygmaeus	APE	Hominidae	56.3	57150	51.2838178552	1.09781218237	0.0933192741497	PTD00065	"VanShaik et al. 2012/Isler	 K; van Schaik	 C P (2012)/AnAge DB"	https://www.zora.uzh.ch/id/eprint/71056/ / https://www.sciencedirect.com/science/article/abs/pii/S0047248412000577	PTD00014	Galán-Acedo et al. 2019	https://www.nature.com/articles/s41597-019-0059-9	exact_tree_tip_match	21	True
Presbytis_melalophos	Presbytis_melalophos	OWM	Cercopithecidae	20	6530	34.0347740636	0.587634281416	-0.531650494968	PTD00065	"VanShaik et al. 2012/Isler	 K; van Schaik	 C P (2012)/AnAge DB"	https://www.zora.uzh.ch/id/eprint/71056/ / https://www.sciencedirect.com/science/article/abs/pii/S0047248412000577	PTD00014	Galán-Acedo et al. 2019	https://www.nature.com/articles/s41597-019-0059-9	not_in_tree_exactly	0	False
Prolemur_simus	Prolemur_simus	STR	Lemuridae	17.6	1980	27.1627665824	0.647945780728	-0.433948257846	PTD00065	"VanShaik et al. 2012/Isler	 K; van Schaik	 C P (2012)/AnAge DB"	https://www.zora.uzh.ch/id/eprint/71056/ / https://www.sciencedirect.com/science/article/abs/pii/S0047248412000577	PTD00014	Galán-Acedo et al. 2019	https://www.nature.com/articles/s41597-019-0059-9	exact_tree_tip_match	1	True
Propithecus_diadema	Propithecus_diadema	STR	Indriidae	21	6105	33.6046109621	0.624914242384	-0.470140850846	PTD00065	"VanShaik et al. 2012/Isler	 K; van Schaik	 C P (2012)/AnAge DB"	https://www.zora.uzh.ch/id/eprint/71056/ / https://www.sciencedirect.com/science/article/abs/pii/S0047248412000577	PTD00014	Galán-Acedo et al. 2019	https://www.nature.com/articles/s41597-019-0059-9	exact_tree_tip_match	1	True
Propithecus_tattersalli	Propithecus_tattersalli	STR	Indriidae	20	3500	30.2505406573	0.661145208166	-0.413781783732	PTD00065	"VanShaik et al. 2012/Isler	 K; van Schaik	 C P (2012)/AnAge DB"	https://www.zora.uzh.ch/id/eprint/71056/ / https://www.sciencedirect.com/science/article/abs/pii/S0047248412000577	PTD00014	Galán-Acedo et al. 2019	https://www.nature.com/articles/s41597-019-0059-9	exact_tree_tip_match	1	True
Propithecus_verreauxi	Propithecus_verreauxi	STR	Indriidae	30.5	2910	29.2132621266	1.04404636044	0.0431038950293	PTD00065	"VanShaik et al. 2012/Isler	 K; van Schaik	 C P (2012)/AnAge DB"	https://www.zora.uzh.ch/id/eprint/71056/ / https://www.sciencedirect.com/science/article/abs/pii/S0047248412000577	PTD00014	Galán-Acedo et al. 2019	https://www.nature.com/articles/s41597-019-0059-9	exact_tree_tip_match	1	True
Pygathrix_nemaeus	Pygathrix_nemaeus	OWM	Cercopithecidae	26	9720	36.6921537576	0.708598360614	-0.34446640011	PTD00065	"VanShaik et al. 2012/Isler	 K; van Schaik	 C P (2012)/AnAge DB"	https://www.zora.uzh.ch/id/eprint/71056/ / https://www.sciencedirect.com/science/article/abs/pii/S0047248412000577	PTD00014	Galán-Acedo et al. 2019	https://www.nature.com/articles/s41597-019-0059-9	exact_tree_tip_match	13	True
Rhinopithecus_roxellana	Rhinopithecus_roxellana	OWM	Cercopithecidae	29.5	14750	39.7014137896	0.743046586612	-0.296996535541	PTD00065	"VanShaik et al. 2012/Isler	 K; van Schaik	 C P (2012)/AnAge DB"	https://www.zora.uzh.ch/id/eprint/71056/ / https://www.sciencedirect.com/science/article/abs/pii/S0047248412000577	PTD00014	Galán-Acedo et al. 2019	https://www.nature.com/articles/s41597-019-0059-9	exact_tree_tip_match	1	True
Saguinus_bicolor	Saguinus_bicolor	PLA	Callitrichidae	19	430	20.3530649625	0.933520333916	-0.0687925337883	PTD00065	"VanShaik et al. 2012/Isler	 K; van Schaik	 C P (2012)/AnAge DB"	https://www.zora.uzh.ch/id/eprint/71056/ / https://www.sciencedirect.com/science/article/abs/pii/S0047248412000577	PTD00014	Galán-Acedo et al. 2019	https://www.nature.com/articles/s41597-019-0059-9	exact_tree_tip_match	1	True
Saguinus_geoffroyi	Saguinus_geoffroyi	PLA	Callitrichidae	20.5	490	20.861778972	0.982658287557	-0.0174938412872	PTD00065	"VanShaik et al. 2012/Isler	 K; van Schaik	 C P (2012)/AnAge DB"	https://www.zora.uzh.ch/id/eprint/71056/ / https://www.sciencedirect.com/science/article/abs/pii/S0047248412000577	PTD00014	Galán-Acedo et al. 2019	https://www.nature.com/articles/s41597-019-0059-9	exact_tree_tip_match	1	True
Saguinus_imperator	Saguinus_imperator	PLA	Callitrichidae	23.7	470	20.698114058	1.14503185815	0.135432460329	PTD00065	"VanShaik et al. 2012/Isler	 K; van Schaik	 C P (2012)/AnAge DB"	https://www.zora.uzh.ch/id/eprint/71056/ / https://www.sciencedirect.com/science/article/abs/pii/S0047248412000577	PTD00014	Galán-Acedo et al. 2019	https://www.nature.com/articles/s41597-019-0059-9	exact_tree_tip_match	13	True
Saguinus_labiatus	Saguinus_labiatus	PLA	Callitrichidae	20.5	510	21.0201128824	0.975256418206	-0.0250548495292	PTD00065	"VanShaik et al. 2012/Isler	 K; van Schaik	 C P (2012)/AnAge DB"	https://www.zora.uzh.ch/id/eprint/71056/ / https://www.sciencedirect.com/science/article/abs/pii/S0047248412000577	PTD00014	Galán-Acedo et al. 2019	https://www.nature.com/articles/s41597-019-0059-9	exact_tree_tip_match	20	True
Saguinus_leucopus	Saguinus_leucopus	PLA	Callitrichidae	15.2	490	20.861778972	0.72860516931	-0.316623299579	PTD00065	"VanShaik et al. 2012/Isler	 K; van Schaik	 C P (2012)/AnAge DB"	https://www.zora.uzh.ch/id/eprint/71056/ / https://www.sciencedirect.com/science/article/abs/pii/S0047248412000577	PTD00014	Galán-Acedo et al. 2019	https://www.nature.com/articles/s41597-019-0059-9	not_in_tree_exactly	0	False
Saguinus_midas	Saguinus_midas	PLA	Callitrichidae	21	560	21.3949766959	0.981538811585	-0.0186337229142	PTD00065	"VanShaik et al. 2012/Isler	 K; van Schaik	 C P (2012)/AnAge DB"	https://www.zora.uzh.ch/id/eprint/71056/ / https://www.sciencedirect.com/science/article/abs/pii/S0047248412000577	PTD00014	Galán-Acedo et al. 2019	https://www.nature.com/articles/s41597-019-0059-9	exact_tree_tip_match	4	True
Saguinus_mystax	Saguinus_mystax	PLA	Callitrichidae	20	530	21.1734886293	0.944577454862	-0.057017589196	PTD00065	"VanShaik et al. 2012/Isler	 K; van Schaik	 C P (2012)/AnAge DB"	https://www.zora.uzh.ch/id/eprint/71056/ / https://www.sciencedirect.com/science/article/abs/pii/S0047248412000577	PTD00014	Galán-Acedo et al. 2019	https://www.nature.com/articles/s41597-019-0059-9	exact_tree_tip_match	11	True
Saguinus_oedipus	Saguinus_oedipus	PLA	Callitrichidae	26.2	410	20.170674894	1.29891538769	0.261529599071	PTD00065	"VanShaik et al. 2012/Isler	 K; van Schaik	 C P (2012)/AnAge DB"	https://www.zora.uzh.ch/id/eprint/71056/ / https://www.sciencedirect.com/science/article/abs/pii/S0047248412000577	PTD00014	Galán-Acedo et al. 2019	https://www.nature.com/articles/s41597-019-0059-9	exact_tree_tip_match	15	True
Saimiri_boliviensis	Saimiri_boliviensis	PLA	Cebidae	30.3	880	23.3029823218	1.30026275528	0.26256636349	PTD00065	"VanShaik et al. 2012/Isler	 K; van Schaik	 C P (2012)/AnAge DB"	https://www.zora.uzh.ch/id/eprint/71056/ / https://www.sciencedirect.com/science/article/abs/pii/S0047248412000577	PTD00014	Galán-Acedo et al. 2019	https://www.nature.com/articles/s41597-019-0059-9	not_in_tree_exactly	4	True
Saimiri_sciureus	Saimiri_sciureus	PLA	Cebidae	30.3	820	22.9940302714	1.31773332654	0.275913083694	PTD00065	"VanShaik et al. 2012/Isler	 K; van Schaik	 C P (2012)/AnAge DB"	https://www.zora.uzh.ch/id/eprint/71056/ / https://www.sciencedirect.com/science/article/abs/pii/S0047248412000577	PTD00014	Galán-Acedo et al. 2019	https://www.nature.com/articles/s41597-019-0059-9	exact_tree_tip_match	9	True
Sapajus_apella	Sapajus_apella	PLA	Cebidae	46	3010	29.4004073922	1.56460416981	0.447632865363	PTD00065	"VanShaik et al. 2012/Isler	 K; van Schaik	 C P (2012)/AnAge DB"	https://www.zora.uzh.ch/id/eprint/71056/ / https://www.sciencedirect.com/science/article/abs/pii/S0047248412000577	PTD00014	Galán-Acedo et al. 2019	https://www.nature.com/articles/s41597-019-0059-9	exact_tree_tip_match	8	True
Semnopithecus_entellus	Semnopithecus_entellus	OWM	Cercopithecidae	29	11440	37.8396228658	0.7663924163	-0.266060947599	PTD00065	"VanShaik et al. 2012/Isler	 K; van Schaik	 C P (2012)/AnAge DB"	https://www.zora.uzh.ch/id/eprint/71056/ / https://www.sciencedirect.com/science/article/abs/pii/S0047248412000577	PTD00014	Galán-Acedo et al. 2019	https://www.nature.com/articles/s41597-019-0059-9	exact_tree_tip_match	8	True
Semnopithecus_johnii	Semnopithecus_johnii	OWM	Cercopithecidae	34	11600	37.9390839603	0.89617345626	-0.109621295167	PTD00065	"VanShaik et al. 2012/Isler	 K; van Schaik	 C P (2012)/AnAge DB"	https://www.zora.uzh.ch/id/eprint/71056/ / https://www.sciencedirect.com/science/article/abs/pii/S0047248412000577	PTD00014	Galán-Acedo et al. 2019	https://www.nature.com/articles/s41597-019-0059-9	exact_tree_tip_match	2	True
Semnopithecus_vetulus	Semnopithecus_vetulus	OWM	Cercopithecidae	26.1	7030	34.5126921104	0.756243526773	-0.279391829312	PTD00065	"VanShaik et al. 2012/Isler	 K; van Schaik	 C P (2012)/AnAge DB"	https://www.zora.uzh.ch/id/eprint/71056/ / https://www.sciencedirect.com/science/article/abs/pii/S0047248412000577	PTD00014	Galán-Acedo et al. 2019	https://www.nature.com/articles/s41597-019-0059-9	exact_tree_tip_match	3	True
Symphalangus_syndactylus	Symphalangus_syndactylus	APE	Hylobatidae	43	11300	37.7516646496	1.13902262057	0.130170544292	PTD00065	"VanShaik et al. 2012/Isler	 K; van Schaik	 C P (2012)/AnAge DB"	https://www.zora.uzh.ch/id/eprint/71056/ / https://www.sciencedirect.com/science/article/abs/pii/S0047248412000577	PTD00014	Galán-Acedo et al. 2019	https://www.nature.com/articles/s41597-019-0059-9	not_in_tree_exactly	3	True
Tarsius_bancanus	Tarsius_bancanus	TAR	Tarsiidae	16.3	120	15.9907758705	1.01933765641	0.0191530599141	PTD00065	"VanShaik et al. 2012/Isler	 K; van Schaik	 C P (2012)/AnAge DB"	https://www.zora.uzh.ch/id/eprint/71056/ / https://www.sciencedirect.com/science/article/abs/pii/S0047248412000577	PTD00014	Galán-Acedo et al. 2019	https://www.nature.com/articles/s41597-019-0059-9	not_in_tree_exactly	0	False
Tarsius_tarsier	Tarsius_tarsier	TAR	Tarsiidae	16	122	16.0408097762	0.99745587805	-0.00254736372761	PTD00065	"VanShaik et al. 2012/Isler	 K; van Schaik	 C P (2012)/AnAge DB"	https://www.zora.uzh.ch/id/eprint/71056/ / https://www.sciencedirect.com/science/article/abs/pii/S0047248412000577	PTD00014	Galán-Acedo et al. 2019	https://www.nature.com/articles/s41597-019-0059-9	not_in_tree_exactly	0	False
Theropithecus_gelada	Theropithecus_gelada	OWM	Cercopithecidae	35.5	15350	40.0017291061	0.887461637116	-0.119389984351	PTD00065	"VanShaik et al. 2012/Isler	 K; van Schaik	 C P (2012)/AnAge DB"	https://www.zora.uzh.ch/id/eprint/71056/ / https://www.sciencedirect.com/science/article/abs/pii/S0047248412000577	PTD00014	Galán-Acedo et al. 2019	https://www.nature.com/articles/s41597-019-0059-9	exact_tree_tip_match	1	True
Trachypithecus_cristatus	Trachypithecus_cristatus	OWM	Cercopithecidae	28.3	6250	33.7540278158	0.838418459403	-0.17623794824	PTD00065	"VanShaik et al. 2012/Isler	 K; van Schaik	 C P (2012)/AnAge DB"	https://www.zora.uzh.ch/id/eprint/71056/ / https://www.sciencedirect.com/science/article/abs/pii/S0047248412000577	PTD00014	Galán-Acedo et al. 2019	https://www.nature.com/articles/s41597-019-0059-9	exact_tree_tip_match	3	True
Trachypithecus_francoisi	Trachypithecus_francoisi	OWM	Cercopithecidae	26.3	7520	34.9550117572	0.752395684565	-0.284492917131	PTD00065	"VanShaik et al. 2012/Isler	 K; van Schaik	 C P (2012)/AnAge DB"	https://www.zora.uzh.ch/id/eprint/71056/ / https://www.sciencedirect.com/science/article/abs/pii/S0047248412000577	PTD00014	Galán-Acedo et al. 2019	https://www.nature.com/articles/s41597-019-0059-9	exact_tree_tip_match	12	True
Trachypithecus_obscurus	Trachypithecus_obscurus	OWM	Cercopithecidae	33.9	6990	34.4754915374	0.98330722749	-0.0168336669845	PTD00065	"VanShaik et al. 2012/Isler	 K; van Schaik	 C P (2012)/AnAge DB"	https://www.zora.uzh.ch/id/eprint/71056/ / https://www.sciencedirect.com/science/article/abs/pii/S0047248412000577	PTD00014	Galán-Acedo et al. 2019	https://www.nature.com/articles/s41597-019-0059-9	exact_tree_tip_match	2	True
Trachypithecus_phayrei	Trachypithecus_phayrei	OWM	Cercopithecidae	28.3	7440	34.884424726	0.811250299303	-0.209178642023	PTD00065	"VanShaik et al. 2012/Isler	 K; van Schaik	 C P (2012)/AnAge DB"	https://www.zora.uzh.ch/id/eprint/71056/ / https://www.sciencedirect.com/science/article/abs/pii/S0047248412000577	PTD00014	Galán-Acedo et al. 2019	https://www.nature.com/articles/s41597-019-0059-9	exact_tree_tip_match	2	True
Trachypithecus_pileatus	Trachypithecus_pileatus	OWM	Cercopithecidae	25.2	10930	37.5148739257	0.67173356493	-0.397893497837	PTD00065	"VanShaik et al. 2012/Isler	 K; van Schaik	 C P (2012)/AnAge DB"	https://www.zora.uzh.ch/id/eprint/71056/ / https://www.sciencedirect.com/science/article/abs/pii/S0047248412000577	PTD00014	Galán-Acedo et al. 2019	https://www.nature.com/articles/s41597-019-0059-9	exact_tree_tip_match	1	True
Varecia_rubra	Varecia_rubra	STR	Lemuridae	37.5	3265	29.8557649366	1.256038828	0.22796298158	PTD00065	"VanShaik et al. 2012/Isler	 K; van Schaik	 C P (2012)/AnAge DB"	https://www.zora.uzh.ch/id/eprint/71056/ / https://www.sciencedirect.com/science/article/abs/pii/S0047248412000577	PTD00014	Galán-Acedo et al. 2019	https://www.nature.com/articles/s41597-019-0059-9	exact_tree_tip_match	1	True
Varecia_variegata	Varecia_variegata	STR	Lemuridae	36	3550	30.3317480168	1.18687521669	0.171323985157	PTD00065	"VanShaik et al. 2012/Isler	 K; van Schaik	 C P (2012)/AnAge DB"	https://www.zora.uzh.ch/id/eprint/71056/ / https://www.sciencedirect.com/science/article/abs/pii/S0047248412000577	PTD00014	Galán-Acedo et al. 2019	https://www.nature.com/articles/s41597-019-0059-9	exact_tree_tip_match	3	True
